	Size	liver_PPI
ClusterID:1	6	5
ClusterID:2	1	0
ClusterID:3	1	0
ClusterID:4	1	0
ClusterID:5	1	0
ClusterID:6	1	0
ClusterID:7	1	0
ClusterID:8	1	0
ClusterID:9	3	2
ClusterID:10	1	0
ClusterID:11	1	0
ClusterID:12	1	0
ClusterID:13	1	0
ClusterID:14	1	0
ClusterID:15	1	0
ClusterID:16	1	0
ClusterID:17	1	0
ClusterID:18	1	0
ClusterID:19	1	0
ClusterID:20	1	0
ClusterID:21	1	0
ClusterID:22	1	0
ClusterID:23	1	0
ClusterID:24	1	0
ClusterID:25	1	0
ClusterID:26	1	0
ClusterID:27	1	0
ClusterID:28	1	0
ClusterID:29	1	0
ClusterID:30	1	0
ClusterID:31	1	0
ClusterID:32	1	0
ClusterID:33	1	0
ClusterID:34	2	1
ClusterID:35	1	0
ClusterID:36	1	0
ClusterID:37	1	0
ClusterID:38	1	0
ClusterID:39	1	0
ClusterID:40	1	0
ClusterID:41	1	0
ClusterID:42	1	0
ClusterID:43	1	0
ClusterID:44	1	0
ClusterID:45	1	0
ClusterID:46	1	0
ClusterID:47	1	0
ClusterID:48	1	0
ClusterID:49	1	0
ClusterID:50	1	0
ClusterID:51	4	5
ClusterID:52	1	0
ClusterID:53	2	1
ClusterID:54	1	0
ClusterID:55	1	0
ClusterID:56	4	3
ClusterID:57	1	0
ClusterID:58	1	0
ClusterID:59	1	0
ClusterID:60	1	0
ClusterID:61	1	0
ClusterID:62	1	0
ClusterID:63	1	0
ClusterID:64	1	0
ClusterID:65	1	0
ClusterID:66	1	0
ClusterID:67	1	0
ClusterID:68	1	0
ClusterID:69	1	0
ClusterID:70	1	0
ClusterID:71	2	1
ClusterID:72	1	0
ClusterID:73	2	1
ClusterID:74	1	0
ClusterID:75	1	0
ClusterID:76	1	0
ClusterID:77	1	0
ClusterID:78	1	0
ClusterID:79	1	0
ClusterID:80	1	0
ClusterID:81	1	0
ClusterID:82	1	0
ClusterID:83	4	6
ClusterID:84	1	0
ClusterID:85	1	0
ClusterID:86	1	0
ClusterID:87	1	0
ClusterID:88	1	0
ClusterID:89	16	83
ClusterID:90	2	1
ClusterID:91	2	1
ClusterID:92	1	0
ClusterID:93	2	1
ClusterID:94	5	10
ClusterID:95	1	0
ClusterID:96	1	0
ClusterID:97	1	0
ClusterID:98	1	0
ClusterID:99	1	0
ClusterID:100	1	0
ClusterID:101	1	0
ClusterID:102	2	1
ClusterID:103	10	28
ClusterID:104	1	0
ClusterID:105	6	14
ClusterID:106	25	186
ClusterID:107	1	0
ClusterID:108	1	0
ClusterID:109	1	0
ClusterID:110	1	0
ClusterID:111	5	4
ClusterID:112	1	0
ClusterID:113	1	0
ClusterID:114	1	0
ClusterID:115	1	0
ClusterID:116	1	0
ClusterID:117	1	0
ClusterID:118	1	0
ClusterID:119	1	0
ClusterID:120	3	2
ClusterID:121	2	1
ClusterID:122	3	2
ClusterID:123	1	0
ClusterID:124	1	0
ClusterID:125	3	2
ClusterID:126	4	4
ClusterID:127	1	0
ClusterID:128	5	5
ClusterID:129	1	0
ClusterID:130	1	0
ClusterID:131	1	0
ClusterID:132	1	0
ClusterID:133	3	2
ClusterID:134	1	0
ClusterID:135	1	0
ClusterID:136	1	0
ClusterID:137	1	0
ClusterID:138	1	0
ClusterID:139	1	0
ClusterID:140	1	0
ClusterID:141	1	0
ClusterID:142	19	126
ClusterID:143	1	0
ClusterID:144	3	2
ClusterID:145	1	0
ClusterID:146	1	0
ClusterID:147	1	0
ClusterID:148	1	0
ClusterID:149	1	0
ClusterID:150	1	0
ClusterID:151	1	0
ClusterID:152	1	0
ClusterID:153	1	0
ClusterID:154	1	0
ClusterID:155	1	0
ClusterID:156	1	0
ClusterID:157	1	0
ClusterID:158	1	0
ClusterID:159	1	0
ClusterID:160	1	0
ClusterID:161	1	0
ClusterID:162	1	0
ClusterID:163	1	0
ClusterID:164	1	0
ClusterID:165	1	0
ClusterID:166	1	0
ClusterID:167	3	2
ClusterID:168	24	267
ClusterID:169	1	0
ClusterID:170	1	0
ClusterID:171	7	20
ClusterID:172	1	0
ClusterID:173	1	0
ClusterID:174	1	0
ClusterID:175	4	6
ClusterID:176	2	1
ClusterID:177	12	45
ClusterID:178	2	1
ClusterID:179	1	0
ClusterID:180	1	0
ClusterID:181	1	0
ClusterID:182	5	9
ClusterID:183	2	1
ClusterID:184	1	0
ClusterID:185	1	0
ClusterID:186	1	0
ClusterID:187	1	0
ClusterID:188	1	0
ClusterID:189	1	0
ClusterID:190	1	0
ClusterID:191	2	1
ClusterID:192	1	0
ClusterID:193	1	0
ClusterID:194	1	0
ClusterID:195	1	0
ClusterID:196	1	0
ClusterID:197	1	0
ClusterID:198	1	0
ClusterID:199	1	0
ClusterID:200	1	0
ClusterID:201	1	0
ClusterID:202	1	0
ClusterID:203	1	0
ClusterID:204	1	0
ClusterID:205	5	4
ClusterID:206	1	0
ClusterID:207	1	0
ClusterID:208	1	0
ClusterID:209	1	0
ClusterID:210	1	0
ClusterID:211	5	4
ClusterID:212	5	8
ClusterID:213	1	0
ClusterID:214	3	2
ClusterID:215	1	0
ClusterID:216	1	0
ClusterID:217	1	0
ClusterID:218	1	0
ClusterID:219	2	1
ClusterID:220	1	0
ClusterID:221	1	0
ClusterID:222	2	1
ClusterID:223	1	0
ClusterID:224	1	0
ClusterID:225	1	0
ClusterID:226	1	0
ClusterID:227	1	0
ClusterID:228	1	0
ClusterID:229	2	1
ClusterID:230	10	40
ClusterID:231	1	0
ClusterID:232	1	0
ClusterID:233	7	21
ClusterID:234	1	0
ClusterID:235	3	2
ClusterID:236	3	3
ClusterID:237	5	6
ClusterID:238	3	2
ClusterID:239	1	0
ClusterID:240	1	0
ClusterID:241	8	10
ClusterID:242	2	1
ClusterID:243	1	0
ClusterID:244	4	5
ClusterID:245	1	0
ClusterID:246	3	3
ClusterID:247	1	0
ClusterID:248	1	0
ClusterID:249	2	1
ClusterID:250	1	0
ClusterID:251	9	28
ClusterID:252	1	0
ClusterID:253	1	0
ClusterID:254	1	0
ClusterID:255	3	2
ClusterID:256	5	5
ClusterID:257	1	0
ClusterID:258	3	3
ClusterID:259	2	1
ClusterID:260	14	58
ClusterID:261	1	0
ClusterID:262	2	1
ClusterID:263	1	0
ClusterID:264	1	0
ClusterID:265	1	0
ClusterID:266	1	0
ClusterID:267	1	0
ClusterID:268	1	0
ClusterID:269	1	0
ClusterID:270	1	0
ClusterID:271	11	32
ClusterID:272	1	0
ClusterID:273	3	3
ClusterID:274	1	0
ClusterID:275	17	110
ClusterID:276	1	0
ClusterID:277	1	0
ClusterID:278	1	0
ClusterID:279	45	512
ClusterID:280	9	16
ClusterID:281	2	1
ClusterID:282	1	0
ClusterID:283	4	4
ClusterID:284	1	0
ClusterID:285	1	0
ClusterID:286	1	0
ClusterID:287	1	0
ClusterID:288	1	0
ClusterID:289	3	3
ClusterID:290	6	12
ClusterID:291	1	0
ClusterID:292	1	0
ClusterID:293	1	0
ClusterID:294	1	0
ClusterID:295	1	0
ClusterID:296	13	54
ClusterID:297	1	0
ClusterID:298	1	0
ClusterID:299	3	3
ClusterID:300	1	0
ClusterID:301	1	0
ClusterID:302	2	1
ClusterID:303	1	0
ClusterID:304	1	0
ClusterID:305	4	6
ClusterID:306	18	86
ClusterID:307	1	0
ClusterID:308	1	0
ClusterID:309	1	0
ClusterID:310	1	0
ClusterID:311	2	1
ClusterID:312	1	0
ClusterID:313	2	1
ClusterID:314	13	36
ClusterID:315	1	0
ClusterID:316	1	0
ClusterID:317	1	0
ClusterID:318	5	7
ClusterID:319	2	1
ClusterID:320	1	0
ClusterID:321	2	1
ClusterID:322	1	0
ClusterID:323	4	3
ClusterID:324	1	0
ClusterID:325	2	1
ClusterID:326	2	1
ClusterID:327	1	0
ClusterID:328	1	0
ClusterID:329	2	1
ClusterID:330	8	28
ClusterID:331	3	2
ClusterID:332	2	1
ClusterID:333	1	0
ClusterID:334	1	0
ClusterID:335	1	0
ClusterID:336	3	3
ClusterID:337	1	0
ClusterID:338	1	0
ClusterID:339	5	9
ClusterID:340	1	0
ClusterID:341	1	0
ClusterID:342	23	194
ClusterID:343	3	2
ClusterID:344	7	14
ClusterID:345	13	44
ClusterID:346	2	1
ClusterID:347	1	0
ClusterID:348	5	6
ClusterID:349	1	0
ClusterID:350	1	0
ClusterID:351	1	0
ClusterID:352	2	1
ClusterID:353	1	0
ClusterID:354	3	3
ClusterID:355	1	0
ClusterID:356	1	0
ClusterID:357	5	8
ClusterID:358	1	0
ClusterID:359	1	0
ClusterID:360	12	36
ClusterID:361	1	0
ClusterID:362	1	0
ClusterID:363	2	1
ClusterID:364	2	1
ClusterID:365	1	0
ClusterID:366	6	13
ClusterID:367	1	0
ClusterID:368	1	0
ClusterID:369	1	0
ClusterID:370	1	0
ClusterID:371	1	0
ClusterID:372	2	1
ClusterID:373	1	0
ClusterID:374	1	0
ClusterID:375	1	0
ClusterID:376	1	0
ClusterID:377	6	11
ClusterID:378	1	0
ClusterID:379	5	10
ClusterID:380	6	15
ClusterID:381	1	0
ClusterID:382	1	0
ClusterID:383	1	0
ClusterID:384	4	4
ClusterID:385	1	0
ClusterID:386	2	1
ClusterID:387	1	0
ClusterID:388	7	13
ClusterID:389	1	0
ClusterID:390	1	0
ClusterID:391	1	0
ClusterID:392	1	0
ClusterID:393	1	0
ClusterID:394	1	0
ClusterID:395	1	0
ClusterID:396	4	6
ClusterID:397	6	10
ClusterID:398	3	2
ClusterID:399	3	3
ClusterID:400	1	0
ClusterID:401	1	0
ClusterID:402	2	1
ClusterID:403	1	0
ClusterID:404	1	0
ClusterID:405	22	182
ClusterID:406	1	0
ClusterID:407	4	5
ClusterID:408	1	0
ClusterID:409	1	0
ClusterID:410	1	0
ClusterID:411	1	0
ClusterID:412	1	0
ClusterID:413	1	0
ClusterID:414	4	3
ClusterID:415	1	0
ClusterID:416	1	0
ClusterID:417	3	3
ClusterID:418	1	0
ClusterID:419	1	0
ClusterID:420	1	0
ClusterID:421	14	73
ClusterID:422	4	4
ClusterID:423	2	1
ClusterID:424	4	4
ClusterID:425	4	5
ClusterID:426	1	0
ClusterID:427	1	0
ClusterID:428	1	0
ClusterID:429	1	0
ClusterID:430	3	2
ClusterID:431	1	0
ClusterID:432	2	1
ClusterID:433	2	1
ClusterID:434	5	4
ClusterID:435	1	0
ClusterID:436	1	0
ClusterID:437	1	0
ClusterID:438	3	2
ClusterID:439	1	0
ClusterID:440	3	3
ClusterID:441	1	0
ClusterID:442	2	1
ClusterID:443	4	3
ClusterID:444	3	2
ClusterID:445	1	0
ClusterID:446	2	1
ClusterID:447	1	0
ClusterID:448	1	0
ClusterID:449	6	14
ClusterID:450	1	0
ClusterID:451	5	8
ClusterID:452	1	0
ClusterID:453	1	0
ClusterID:454	1	0
ClusterID:455	1	0
ClusterID:456	2	1
ClusterID:457	12	26
ClusterID:458	2	1
ClusterID:459	2	1
ClusterID:460	2	1
ClusterID:461	8	27
ClusterID:462	1	0
ClusterID:463	3	2
ClusterID:464	6	11
ClusterID:465	10	24
ClusterID:466	1	0
ClusterID:467	4	6
ClusterID:468	2	1
ClusterID:469	2	1
ClusterID:470	11	35
ClusterID:471	1	0
ClusterID:472	1	0
ClusterID:473	3	2
ClusterID:474	1	0
ClusterID:475	1	0
ClusterID:476	1	0
ClusterID:477	1	0
ClusterID:478	1	0
ClusterID:479	1	0
ClusterID:480	4	3
ClusterID:481	2	1
ClusterID:482	8	14
ClusterID:483	2	1
ClusterID:484	1	0
ClusterID:485	2	1
ClusterID:486	30	272
ClusterID:487	3	3
ClusterID:488	1	0
ClusterID:489	4	6
ClusterID:490	15	62
ClusterID:491	1	0
ClusterID:492	4	5
ClusterID:493	21	159
ClusterID:494	1	0
ClusterID:495	1	0
ClusterID:496	1	0
ClusterID:497	3	3
ClusterID:498	1	0
ClusterID:499	1	0
ClusterID:500	5	7
ClusterID:501	1	0
ClusterID:502	1	0
ClusterID:503	3	3
ClusterID:504	1	0
ClusterID:505	3	2
ClusterID:506	2	1
ClusterID:507	1	0
ClusterID:508	1	0
ClusterID:509	1	0
ClusterID:510	1	0
ClusterID:511	1	0
ClusterID:512	2	1
ClusterID:513	3	3
ClusterID:514	1	0
ClusterID:515	1	0
ClusterID:516	13	30
ClusterID:517	1	0
ClusterID:518	5	7
ClusterID:519	2	1
ClusterID:520	1	0
ClusterID:521	1	0
ClusterID:522	2	1
ClusterID:523	1	0
ClusterID:524	2	1
ClusterID:525	1	0
ClusterID:526	4	3
ClusterID:527	1	0
ClusterID:528	1	0
ClusterID:529	1	0
ClusterID:530	1	0
ClusterID:531	1	0
ClusterID:532	4	3
ClusterID:533	1	0
ClusterID:534	1	0
ClusterID:535	2	1
ClusterID:536	12	62
ClusterID:537	1	0
ClusterID:538	1	0
ClusterID:539	1	0
ClusterID:540	1	0
ClusterID:541	1	0
ClusterID:542	3	2
ClusterID:543	1	0
ClusterID:544	2	1
ClusterID:545	1	0
ClusterID:546	1	0
ClusterID:547	1	0
ClusterID:548	1	0
ClusterID:549	1	0
ClusterID:550	1	0
ClusterID:551	1	0
ClusterID:552	1	0
ClusterID:553	1	0
ClusterID:554	1	0
ClusterID:555	2	1
ClusterID:556	1	0
ClusterID:557	18	99
ClusterID:558	5	10
ClusterID:559	3	2
ClusterID:560	2	1
ClusterID:561	1	0
ClusterID:562	1	0
ClusterID:563	2	1
ClusterID:564	1	0
ClusterID:565	1	0
ClusterID:566	1	0
ClusterID:567	11	25
ClusterID:568	5	10
ClusterID:569	1	0
ClusterID:570	1	0
ClusterID:571	6	6
ClusterID:572	1	0
ClusterID:573	5	6
ClusterID:574	1	0
ClusterID:575	2	1
ClusterID:576	1	0
ClusterID:577	2	1
ClusterID:578	1	0
ClusterID:579	1	0
ClusterID:580	2	1
ClusterID:581	1	0
ClusterID:582	1	0
ClusterID:583	1	0
ClusterID:584	1	0
ClusterID:585	4	3
ClusterID:586	1	0
ClusterID:587	1	0
ClusterID:588	1	0
ClusterID:589	1	0
ClusterID:590	1	0
ClusterID:591	6	5
ClusterID:592	1	0
ClusterID:593	1	0
ClusterID:594	1	0
ClusterID:595	3	3
ClusterID:596	1	0
ClusterID:597	1	0
ClusterID:598	9	29
ClusterID:599	6	10
ClusterID:600	1	0
ClusterID:601	1	0
ClusterID:602	7	7
ClusterID:603	2	1
ClusterID:604	2	1
ClusterID:605	1	0
ClusterID:606	1	0
ClusterID:607	5	5
ClusterID:608	1	0
ClusterID:609	4	3
ClusterID:610	1	0
ClusterID:611	1	0
ClusterID:612	1	0
ClusterID:613	2	1
ClusterID:614	15	91
ClusterID:615	4	6
ClusterID:616	1	0
ClusterID:617	7	21
ClusterID:618	2	1
ClusterID:619	3	3
ClusterID:620	2	1
ClusterID:621	2	1
ClusterID:622	3	3
ClusterID:623	2	1
ClusterID:624	1	0
ClusterID:625	3	2
ClusterID:626	1	0
ClusterID:627	28	109
ClusterID:628	2	1
ClusterID:629	4	5
ClusterID:630	1	0
ClusterID:631	1	0
ClusterID:632	4	3
ClusterID:633	1	0
ClusterID:634	4	3
ClusterID:635	1	0
ClusterID:636	2	1
ClusterID:637	1	0
ClusterID:638	1	0
ClusterID:639	7	9
ClusterID:640	2	1
ClusterID:641	1	0
ClusterID:642	1	0
ClusterID:643	1	0
ClusterID:644	1	0
ClusterID:645	1	0
ClusterID:646	1	0
ClusterID:647	1	0
ClusterID:648	2	1
ClusterID:649	1	0
ClusterID:650	1	0
ClusterID:651	1	0
ClusterID:652	1	0
ClusterID:653	1	0
ClusterID:654	1	0
ClusterID:655	2	1
ClusterID:656	1	0
ClusterID:657	1	0
ClusterID:658	1	0
ClusterID:659	3	3
ClusterID:660	1	0
ClusterID:661	1	0
ClusterID:662	1	0
ClusterID:663	1	0
ClusterID:664	1	0
ClusterID:665	1	0
ClusterID:666	3	2
ClusterID:667	7	16
ClusterID:668	1	0
ClusterID:669	1	0
ClusterID:670	5	8
ClusterID:671	1	0
ClusterID:672	2	1
ClusterID:673	2	1
ClusterID:674	1	0
ClusterID:675	1	0
ClusterID:676	1	0
ClusterID:677	5	10
ClusterID:678	6	11
ClusterID:679	2	1
ClusterID:680	1	0
ClusterID:681	1	0
ClusterID:682	4	3
ClusterID:683	9	22
ClusterID:684	5	4
ClusterID:685	1	0
ClusterID:686	2	1
ClusterID:687	18	101
ClusterID:688	1	0
ClusterID:689	2	1
ClusterID:690	11	34
ClusterID:691	1	0
ClusterID:692	1	0
ClusterID:693	2	1
ClusterID:694	1	0
ClusterID:695	3	2
ClusterID:696	3	2
ClusterID:697	5	10
ClusterID:698	1	0
ClusterID:699	1	0
ClusterID:700	3	3
ClusterID:701	2	1
ClusterID:702	2	1
ClusterID:703	1	0
ClusterID:704	4	4
ClusterID:705	2	1
ClusterID:706	8	24
ClusterID:707	3	2
ClusterID:708	1	0
ClusterID:709	1	0
ClusterID:710	4	3
ClusterID:711	4	6
ClusterID:712	4	6
ClusterID:713	1	0
ClusterID:714	1	0
ClusterID:715	1	0
ClusterID:716	1	0
ClusterID:717	8	20
ClusterID:718	1	0
ClusterID:719	3	2
ClusterID:720	2	1
ClusterID:721	1	0
ClusterID:722	1	0
ClusterID:723	1	0
ClusterID:724	4	4
ClusterID:725	1	0
ClusterID:726	3	2
ClusterID:727	1	0
ClusterID:728	2	1
ClusterID:729	1	0
ClusterID:730	1	0
ClusterID:731	10	35
ClusterID:732	1	0
ClusterID:733	7	7
ClusterID:734	1	0
ClusterID:735	1	0
ClusterID:736	1	0
ClusterID:737	2	1
ClusterID:738	4	4
ClusterID:739	4	3
ClusterID:740	1	0
ClusterID:741	3	3
ClusterID:742	2	1
ClusterID:743	1	0
ClusterID:744	1	0
ClusterID:745	2	1
ClusterID:746	5	4
ClusterID:747	1	0
ClusterID:748	6	15
ClusterID:749	7	17
ClusterID:750	2	1
ClusterID:751	1	0
ClusterID:752	2	1
ClusterID:753	1	0
ClusterID:754	2	1
ClusterID:755	1	0
ClusterID:756	2	1
ClusterID:757	2	1
ClusterID:758	2	1
ClusterID:759	5	9
ClusterID:760	3	2
ClusterID:761	1	0
ClusterID:762	1	0
ClusterID:763	1	0
ClusterID:764	3	2
ClusterID:765	3	3
ClusterID:766	1	0
ClusterID:767	5	8
ClusterID:768	1	0
ClusterID:769	7	21
ClusterID:770	1	0
ClusterID:771	1	0
ClusterID:772	5	5
ClusterID:773	5	7
ClusterID:774	1	0
ClusterID:775	2	1
ClusterID:776	2	1
ClusterID:777	1	0
ClusterID:778	2	1
ClusterID:779	1	0
ClusterID:780	1	0
ClusterID:781	3	3
ClusterID:782	1	0
ClusterID:783	3	3
ClusterID:784	9	29
ClusterID:785	1	0
ClusterID:786	6	6
ClusterID:787	7	11
ClusterID:788	1	0
ClusterID:789	28	287
ClusterID:790	7	10
ClusterID:791	1	0
ClusterID:792	1	0
ClusterID:793	3	2
ClusterID:794	5	7
ClusterID:795	1	0
ClusterID:796	4	6
ClusterID:797	3	2
ClusterID:798	5	5
ClusterID:799	3	2
ClusterID:800	1	0
ClusterID:801	12	47
ClusterID:802	2	1
ClusterID:803	3	2
ClusterID:804	7	15
ClusterID:805	2	1
ClusterID:806	10	30
ClusterID:807	4	5
ClusterID:808	1	0
ClusterID:809	10	32
ClusterID:810	1	0
ClusterID:811	3	2
ClusterID:812	1	0
ClusterID:813	2	1
ClusterID:814	1	0
ClusterID:815	1	0
ClusterID:816	2	1
ClusterID:817	17	122
ClusterID:818	1	0
ClusterID:819	3	2
ClusterID:820	2	1
ClusterID:821	1	0
ClusterID:822	1	0
ClusterID:823	2	1
ClusterID:824	4	5
ClusterID:825	1	0
ClusterID:826	2	1
ClusterID:827	1	0
ClusterID:828	5	9
ClusterID:829	1	0
ClusterID:830	9	20
ClusterID:831	3	2
ClusterID:832	3	2
ClusterID:833	3	2
ClusterID:834	1	0
ClusterID:835	12	25
ClusterID:836	3	3
ClusterID:837	2	1
ClusterID:838	4	3
ClusterID:839	1	0
ClusterID:840	3	2
ClusterID:841	1	0
ClusterID:842	8	28
ClusterID:843	1	0
ClusterID:844	2	1
ClusterID:845	3	3
ClusterID:846	2	1
ClusterID:847	11	18
ClusterID:848	1	0
ClusterID:849	3	2
ClusterID:850	1	0
ClusterID:851	2	1
ClusterID:852	1	0
ClusterID:853	1	0
ClusterID:854	1	0
ClusterID:855	8	28
ClusterID:856	3	3
ClusterID:857	1	0
ClusterID:858	1	0
ClusterID:859	1	0
ClusterID:860	2	1
ClusterID:861	13	60
ClusterID:862	2	1
ClusterID:863	1	0
ClusterID:864	2	1
ClusterID:865	1	0
ClusterID:866	6	15
ClusterID:867	1	0
ClusterID:868	9	36
ClusterID:869	3	3
ClusterID:870	1	0
ClusterID:871	1	0
ClusterID:872	1	0
ClusterID:873	1	0
ClusterID:874	1	0
ClusterID:875	1	0
ClusterID:876	13	58
ClusterID:877	3	3
ClusterID:878	6	15
ClusterID:879	4	3
ClusterID:880	1	0
ClusterID:881	2	1
ClusterID:882	16	76
ClusterID:883	1	0
ClusterID:884	3	2
ClusterID:885	1	0
ClusterID:886	2	1
ClusterID:887	3	3
ClusterID:888	1	0
ClusterID:889	1	0
ClusterID:890	3	3
ClusterID:891	2	1
ClusterID:892	2	1
ClusterID:893	2	1
ClusterID:894	1	0
ClusterID:895	1	0
ClusterID:896	1	0
ClusterID:897	17	123
ClusterID:898	9	28
ClusterID:899	1	0
ClusterID:900	3	2
ClusterID:901	3	2
ClusterID:902	1	0
ClusterID:903	1	0
ClusterID:904	3	3
ClusterID:905	5	8
ClusterID:906	2	1
ClusterID:907	2	1
ClusterID:908	6	7
ClusterID:909	1	0
ClusterID:910	3	2
ClusterID:911	1	0
ClusterID:912	2	1
ClusterID:913	1	0
ClusterID:914	3	2
ClusterID:915	9	25
ClusterID:916	1	0
ClusterID:917	3	2
ClusterID:918	1	0
ClusterID:919	1	0
ClusterID:920	1	0
ClusterID:921	7	14
ClusterID:922	18	100
ClusterID:923	7	7
ClusterID:924	4	6
ClusterID:925	1	0
ClusterID:926	2	1
ClusterID:927	2	1
ClusterID:928	1	0
ClusterID:929	1	0
ClusterID:930	4	3
ClusterID:931	1	0
ClusterID:932	1	0
ClusterID:933	4	4
ClusterID:934	1	0
ClusterID:935	1	0
ClusterID:936	7	21
ClusterID:937	1	0
ClusterID:938	2	1
ClusterID:939	1	0
ClusterID:940	1	0
ClusterID:941	2	1
ClusterID:942	3	3
ClusterID:943	6	9
ClusterID:944	1	0
ClusterID:945	1	0
ClusterID:946	7	16
ClusterID:947	1	0
ClusterID:948	1	0
ClusterID:949	3	2
ClusterID:950	1	0
ClusterID:951	1	0
ClusterID:952	1	0
ClusterID:953	1	0
ClusterID:954	1	0
ClusterID:955	1	0
ClusterID:956	1	0
ClusterID:957	13	16
ClusterID:958	1	0
ClusterID:959	3	2
ClusterID:960	4	3
ClusterID:961	1	0
ClusterID:962	14	24
ClusterID:963	1	0
ClusterID:964	3	3
ClusterID:965	1	0
ClusterID:966	2	1
ClusterID:967	3	2
ClusterID:968	2	1
ClusterID:969	1	0
ClusterID:970	1	0
ClusterID:971	2	1
ClusterID:972	1	0
ClusterID:973	1	0
ClusterID:974	8	19
ClusterID:975	3	2
ClusterID:976	3	2
ClusterID:977	3	2
ClusterID:978	2	1
ClusterID:979	1	0
ClusterID:980	5	7
ClusterID:981	2	1
ClusterID:982	6	10
ClusterID:983	2	1
ClusterID:984	3	2
ClusterID:985	1	0
ClusterID:986	4	6
ClusterID:987	11	44
ClusterID:988	2	1
ClusterID:989	2	1
ClusterID:990	1	0
ClusterID:991	1	0
ClusterID:992	6	8
ClusterID:993	1	0
ClusterID:994	1	0
ClusterID:995	2	1
ClusterID:996	2	1
ClusterID:997	1	0
ClusterID:998	4	5
ClusterID:999	1	0
ClusterID:1000	3	2
ClusterID:1001	5	7
ClusterID:1002	8	28
ClusterID:1003	1	0
ClusterID:1004	3	3
ClusterID:1005	2	1
ClusterID:1006	1	0
ClusterID:1007	10	30
ClusterID:1008	1	0
ClusterID:1009	1	0
ClusterID:1010	2	1
ClusterID:1011	1	0
ClusterID:1012	3	2
ClusterID:1013	7	21
ClusterID:1014	1	0
ClusterID:1015	3	3
ClusterID:1016	6	13
ClusterID:1017	36	285
ClusterID:1018	3	3
ClusterID:1019	1	0
ClusterID:1020	2	1
ClusterID:1021	1	0
ClusterID:1022	1	0
ClusterID:1023	1	0
ClusterID:1024	2	1
ClusterID:1025	2	1
ClusterID:1026	5	10
ClusterID:1027	3	3
ClusterID:1028	2	1
ClusterID:1029	1	0
ClusterID:1030	1	0
ClusterID:1031	1	0
ClusterID:1032	5	8
ClusterID:1033	1	0
ClusterID:1034	1	0
ClusterID:1035	5	7
ClusterID:1036	1	0
ClusterID:1037	5	10
ClusterID:1038	1	0
ClusterID:1039	1	0
ClusterID:1040	1	0
ClusterID:1041	3	2
ClusterID:1042	1	0
ClusterID:1043	2	1
ClusterID:1044	2	1
ClusterID:1045	1	0
ClusterID:1046	1	0
ClusterID:1047	1	0
ClusterID:1048	1	0
ClusterID:1049	1	0
ClusterID:1050	4	3
ClusterID:1051	1	0
ClusterID:1052	2	1
ClusterID:1053	6	12
ClusterID:1054	2	1
ClusterID:1055	1	0
ClusterID:1056	1	0
ClusterID:1057	1	0
ClusterID:1058	3	2
ClusterID:1059	3	2
ClusterID:1060	4	6
ClusterID:1061	17	65
ClusterID:1062	1	0
ClusterID:1063	3	2
ClusterID:1064	1	0
ClusterID:1065	3	3
ClusterID:1066	3	3
ClusterID:1067	3	2
ClusterID:1068	18	92
ClusterID:1069	3	3
ClusterID:1070	1	0
ClusterID:1071	1	0
ClusterID:1072	1	0
ClusterID:1073	14	44
ClusterID:1074	5	9
ClusterID:1075	1	0
ClusterID:1076	1	0
ClusterID:1077	1	0
ClusterID:1078	3	3
ClusterID:1079	2	1
ClusterID:1080	10	39
ClusterID:1081	2	1
ClusterID:1082	2	1
ClusterID:1083	3	2
ClusterID:1084	1	0
ClusterID:1085	5	5
ClusterID:1086	1	0
ClusterID:1087	7	18
ClusterID:1088	1	0
ClusterID:1089	5	9
ClusterID:1090	12	49
ClusterID:1091	2	1
ClusterID:1092	4	5
ClusterID:1093	2	1
ClusterID:1094	3	2
ClusterID:1095	3	3
ClusterID:1096	1	0
ClusterID:1097	2	1
ClusterID:1098	1	0
ClusterID:1099	1	0
ClusterID:1100	1	0
ClusterID:1101	2	1
ClusterID:1102	6	7
ClusterID:1103	9	30
ClusterID:1104	3	2
ClusterID:1105	1	0
ClusterID:1106	1	0
ClusterID:1107	1	0
ClusterID:1108	4	4
ClusterID:1109	13	78
ClusterID:1110	2	1
ClusterID:1111	5	8
ClusterID:1112	2	1
ClusterID:1113	1	0
ClusterID:1114	4	6
ClusterID:1115	1	0
ClusterID:1116	12	32
ClusterID:1117	1	0
ClusterID:1118	1	0
ClusterID:1119	2	1
ClusterID:1120	5	5
ClusterID:1121	1	0
ClusterID:1122	1	0
ClusterID:1123	2	1
ClusterID:1124	2	1
ClusterID:1125	1	0
ClusterID:1126	1	0
ClusterID:1127	3	3
ClusterID:1128	5	9
ClusterID:1129	1	0
ClusterID:1130	5	9
ClusterID:1131	4	4
ClusterID:1132	1	0
ClusterID:1133	4	4
ClusterID:1134	1	0
ClusterID:1135	4	6
ClusterID:1136	1	0
ClusterID:1137	1	0
ClusterID:1138	9	29
ClusterID:1139	1	0
ClusterID:1140	1	0
ClusterID:1141	2	1
ClusterID:1142	3	2
ClusterID:1143	1	0
ClusterID:1144	3	2
ClusterID:1145	1	0
ClusterID:1146	2	1
ClusterID:1147	1	0
ClusterID:1148	1	0
ClusterID:1149	2	1
ClusterID:1150	2	1
ClusterID:1151	3	3
ClusterID:1152	1	0
ClusterID:1153	1	0
ClusterID:1154	6	8
ClusterID:1155	1	0
ClusterID:1156	1	0
ClusterID:1157	3	3
ClusterID:1158	3	3
ClusterID:1159	5	10
ClusterID:1160	5	10
ClusterID:1161	2	1
ClusterID:1162	1	0
ClusterID:1163	1	0
ClusterID:1164	3	3
ClusterID:1165	4	3
ClusterID:1166	1	0
ClusterID:1167	12	16
ClusterID:1168	1	0
ClusterID:1169	1	0
ClusterID:1170	4	3
ClusterID:1171	1	0
ClusterID:1172	2	1
ClusterID:1173	3	2
ClusterID:1174	2	1
ClusterID:1175	3	2
ClusterID:1176	1	0
ClusterID:1177	2	1
ClusterID:1178	12	51
ClusterID:1179	2	1
ClusterID:1180	4	3
ClusterID:1181	1	0
ClusterID:1182	1	0
ClusterID:1183	1	0
ClusterID:1184	11	39
ClusterID:1185	2	1
ClusterID:1186	9	9
ClusterID:1187	1	0
ClusterID:1188	2	1
ClusterID:1189	3	2
ClusterID:1190	3	3
ClusterID:1191	2	1
ClusterID:1192	3	2
ClusterID:1193	1	0
ClusterID:1194	3	3
ClusterID:1195	3	3
ClusterID:1196	1	0
ClusterID:1197	3	3
ClusterID:1198	3	3
ClusterID:1199	1	0
ClusterID:1200	4	3
ClusterID:1201	2	1
ClusterID:1202	3	3
ClusterID:1203	1	0
ClusterID:1204	10	29
ClusterID:1205	23	81
ClusterID:1206	4	3
ClusterID:1207	1	0
ClusterID:1208	2	1
ClusterID:1209	1	0
ClusterID:1210	9	36
ClusterID:1211	1	0
ClusterID:1212	1	0
ClusterID:1213	2	1
ClusterID:1214	1	0
ClusterID:1215	2	1
ClusterID:1216	1	0
ClusterID:1217	1	0
ClusterID:1218	4	5
ClusterID:1219	1	0
ClusterID:1220	7	21
ClusterID:1221	1	0
ClusterID:1222	3	3
ClusterID:1223	2	1
ClusterID:1224	1	0
ClusterID:1225	1	0
ClusterID:1226	5	10
ClusterID:1227	10	16
ClusterID:1228	1	0
ClusterID:1229	4	4
ClusterID:1230	9	32
ClusterID:1231	2	1
ClusterID:1232	3	2
ClusterID:1233	2	1
ClusterID:1234	1	0
ClusterID:1235	23	127
ClusterID:1236	4	5
ClusterID:1237	1	0
ClusterID:1238	1	0
ClusterID:1239	2	1
ClusterID:1240	2	1
ClusterID:1241	2	1
ClusterID:1242	1	0
ClusterID:1243	3	3
ClusterID:1244	27	184
ClusterID:1245	2	1
ClusterID:1246	2	1
ClusterID:1247	7	15
ClusterID:1248	2	1
ClusterID:1249	1	0
ClusterID:1250	3	2
ClusterID:1251	3	2
ClusterID:1252	1	0
ClusterID:1253	1	0
ClusterID:1254	2	1
ClusterID:1255	1	0
ClusterID:1256	2	1
ClusterID:1257	1	0
ClusterID:1258	1	0
ClusterID:1259	1	0
ClusterID:1260	11	32
ClusterID:1261	1	0
ClusterID:1262	2	1
ClusterID:1263	1	0
ClusterID:1264	4	5
ClusterID:1265	5	7
ClusterID:1266	4	5
ClusterID:1267	3	2
ClusterID:1268	1	0
ClusterID:1269	3	3
ClusterID:1270	5	10
ClusterID:1271	1	0
ClusterID:1272	1	0
ClusterID:1273	2	1
ClusterID:1274	4	6
ClusterID:1275	3	2
ClusterID:1276	2	1
ClusterID:1277	2	1
ClusterID:1278	1	0
ClusterID:1279	5	4
ClusterID:1280	3	3
ClusterID:1281	1	0
ClusterID:1282	1	0
ClusterID:1283	5	9
ClusterID:1284	1	0
ClusterID:1285	2	1
ClusterID:1286	1	0
ClusterID:1287	3	2
ClusterID:1288	1	0
ClusterID:1289	21	184
ClusterID:1290	2	1
ClusterID:1291	4	4
ClusterID:1292	6	6
ClusterID:1293	1	0
ClusterID:1294	5	7
ClusterID:1295	1	0
ClusterID:1296	1	0
ClusterID:1297	4	5
ClusterID:1298	1	0
ClusterID:1299	1	0
ClusterID:1300	2	1
ClusterID:1301	2	1
ClusterID:1302	2	1
ClusterID:1303	2	1
ClusterID:1304	4	3
ClusterID:1305	1	0
ClusterID:1306	1	0
ClusterID:1307	1	0
ClusterID:1308	15	75
ClusterID:1309	4	4
ClusterID:1310	3	2
ClusterID:1311	1	0
ClusterID:1312	2	1
ClusterID:1313	1	0
ClusterID:1314	1	0
ClusterID:1315	1	0
ClusterID:1316	15	61
ClusterID:1317	7	18
ClusterID:1318	1	0
ClusterID:1319	2	1
ClusterID:1320	1	0
ClusterID:1321	1	0
ClusterID:1322	7	10
ClusterID:1323	4	3
ClusterID:1324	4	3
ClusterID:1325	7	10
ClusterID:1326	1	0
ClusterID:1327	5	6
ClusterID:1328	2	1
ClusterID:1329	19	122
ClusterID:1330	7	14
ClusterID:1331	3	2
ClusterID:1332	3	2
ClusterID:1333	1	0
ClusterID:1334	1	0
ClusterID:1335	4	4
ClusterID:1336	5	5
ClusterID:1337	1	0
ClusterID:1338	1	0
ClusterID:1339	25	182
ClusterID:1340	9	14
ClusterID:1341	1	0
ClusterID:1342	1	0
ClusterID:1343	2	1
ClusterID:1344	1	0
ClusterID:1345	3	2
ClusterID:1346	2	1
ClusterID:1347	2	1
ClusterID:1348	5	4
ClusterID:1349	1	0
ClusterID:1350	1	0
ClusterID:1351	1	0
ClusterID:1352	9	25
ClusterID:1353	1	0
ClusterID:1354	4	3
ClusterID:1355	1	0
ClusterID:1356	1	0
ClusterID:1357	5	7
ClusterID:1358	7	6
ClusterID:1359	1	0
ClusterID:1360	8	28
ClusterID:1361	1	0
ClusterID:1362	3	2
ClusterID:1363	6	13
ClusterID:1364	9	34
ClusterID:1365	4	3
ClusterID:1366	2	1
ClusterID:1367	1	0
ClusterID:1368	1	0
ClusterID:1369	12	30
ClusterID:1370	3	3
ClusterID:1371	2	1
ClusterID:1372	2	1
ClusterID:1373	1	0
ClusterID:1374	2	1
ClusterID:1375	17	114
ClusterID:1376	1	0
ClusterID:1377	4	3
ClusterID:1378	2	1
ClusterID:1379	1	0
ClusterID:1380	3	3
ClusterID:1381	8	22
ClusterID:1382	18	131
ClusterID:1383	13	67
ClusterID:1384	1	0
ClusterID:1385	4	3
ClusterID:1386	1	0
ClusterID:1387	9	30
ClusterID:1388	4	6
ClusterID:1389	2	1
ClusterID:1390	4	4
ClusterID:1391	7	19
ClusterID:1392	11	15
ClusterID:1393	36	498
ClusterID:1394	1	0
ClusterID:1395	1	0
ClusterID:1396	1	0
ClusterID:1397	1	0
ClusterID:1398	8	28
ClusterID:1399	2	1
ClusterID:1400	1	0
ClusterID:1401	1	0
ClusterID:1402	1	0
ClusterID:1403	1	0
ClusterID:1404	1	0
ClusterID:1405	1	0
ClusterID:1406	1	0
ClusterID:1407	1	0
ClusterID:1408	6	6
ClusterID:1409	6	11
ClusterID:1410	1	0
ClusterID:1411	1	0
ClusterID:1412	3	2
ClusterID:1413	1	0
ClusterID:1414	1	0
ClusterID:1415	1	0
ClusterID:1416	2	1
ClusterID:1417	1	0
ClusterID:1418	6	7
ClusterID:1419	1	0
ClusterID:1420	2	1
ClusterID:1421	5	9
ClusterID:1422	1	0
ClusterID:1423	1	0
ClusterID:1424	2	1
ClusterID:1425	1	0
ClusterID:1426	1	0
ClusterID:1427	1	0
ClusterID:1428	1	0
ClusterID:1429	2	1
ClusterID:1430	1	0
ClusterID:1431	1	0
ClusterID:1432	1	0
ClusterID:1433	1	0
ClusterID:1434	1	0
ClusterID:1435	1	0
ClusterID:1436	7	16
ClusterID:1437	10	42
ClusterID:1438	1	0
ClusterID:1439	1	0
ClusterID:1440	4	4
ClusterID:1441	3	3
ClusterID:1442	3	3
ClusterID:1443	1	0
ClusterID:1444	1	0
ClusterID:1445	10	10
ClusterID:1446	1	0
ClusterID:1447	1	0
ClusterID:1448	16	106
ClusterID:1449	6	12
ClusterID:1450	2	1
ClusterID:1451	3	2
ClusterID:1452	1	0
ClusterID:1453	1	0
ClusterID:1454	7	14
ClusterID:1455	4	3
ClusterID:1456	7	7
ClusterID:1457	1	0
ClusterID:1458	6	14
ClusterID:1459	2	1
ClusterID:1460	1	0
ClusterID:1461	3	2
ClusterID:1462	1	0
ClusterID:1463	1	0
ClusterID:1464	1	0
ClusterID:1465	5	8
ClusterID:1466	3	2
ClusterID:1467	1	0
ClusterID:1468	6	13
ClusterID:1469	1	0
ClusterID:1470	3	2
ClusterID:1471	2	1
ClusterID:1472	2	1
ClusterID:1473	4	4
ClusterID:1474	1	0
ClusterID:1475	2	1
ClusterID:1476	1	0
ClusterID:1477	2	1
ClusterID:1478	6	5
ClusterID:1479	2	1
ClusterID:1480	1	0
ClusterID:1481	3	3
ClusterID:1482	5	7
ClusterID:1483	3	2
ClusterID:1484	1	0
ClusterID:1485	10	29
ClusterID:1486	1	0
ClusterID:1487	1	0
ClusterID:1488	2	1
ClusterID:1489	2	1
ClusterID:1490	5	8
ClusterID:1491	2	1
ClusterID:1492	2	1
ClusterID:1493	1	0
ClusterID:1494	1	0
ClusterID:1495	9	28
ClusterID:1496	3	2
ClusterID:1497	1	0
ClusterID:1498	4	4
ClusterID:1499	2	1
ClusterID:1500	1	0
ClusterID:1501	1	0
ClusterID:1502	1	0
ClusterID:1503	8	22
ClusterID:1504	3	3
ClusterID:1505	21	128
ClusterID:1506	1	0
ClusterID:1507	1	0
ClusterID:1508	4	4
ClusterID:1509	10	18
ClusterID:1510	5	5
ClusterID:1511	1	0
ClusterID:1512	1	0
ClusterID:1513	1	0
ClusterID:1514	3	2
ClusterID:1515	1	0
ClusterID:1516	1	0
ClusterID:1517	2	1
ClusterID:1518	2	1
ClusterID:1519	2	1
ClusterID:1520	1	0
ClusterID:1521	1	0
ClusterID:1522	4	3
ClusterID:1523	20	142
ClusterID:1524	1	0
ClusterID:1525	1	0
ClusterID:1526	3	2
ClusterID:1527	3	3
ClusterID:1528	1	0
ClusterID:1529	11	35
ClusterID:1530	3	2
ClusterID:1531	5	8
ClusterID:1532	4	3
ClusterID:1533	6	12
ClusterID:1534	1	0
ClusterID:1535	1	0
ClusterID:1536	1	0
ClusterID:1537	1	0
ClusterID:1538	2	1
ClusterID:1539	11	38
ClusterID:1540	3	3
ClusterID:1541	4	4
ClusterID:1542	31	349
ClusterID:1543	1	0
ClusterID:1544	10	30
ClusterID:1545	1	0
ClusterID:1546	1	0
ClusterID:1547	3	2
ClusterID:1548	2	1
ClusterID:1549	3	2
ClusterID:1550	1	0
ClusterID:1551	3	2
ClusterID:1552	5	5
ClusterID:1553	1	0
ClusterID:1554	1	0
ClusterID:1555	1	0
ClusterID:1556	1	0
ClusterID:1557	8	15
ClusterID:1558	14	31
ClusterID:1559	2	1
ClusterID:1560	4	5
ClusterID:1561	1	0
ClusterID:1562	13	56
ClusterID:1563	1	0
ClusterID:1564	1	0
ClusterID:1565	1	0
ClusterID:1566	1	0
ClusterID:1567	1	0
ClusterID:1568	3	3
ClusterID:1569	8	18
ClusterID:1570	4	3
ClusterID:1571	1	0
ClusterID:1572	1	0
ClusterID:1573	1	0
ClusterID:1574	9	29
ClusterID:1575	2	1
ClusterID:1576	1	0
ClusterID:1577	2	1
ClusterID:1578	2	1
ClusterID:1579	8	15
ClusterID:1580	1	0
ClusterID:1581	1	0
ClusterID:1582	1	0
ClusterID:1583	1	0
ClusterID:1584	2	1
ClusterID:1585	3	2
ClusterID:1586	28	373
ClusterID:1587	2	1
ClusterID:1588	3	2
ClusterID:1589	1	0
ClusterID:1590	3	2
ClusterID:1591	2	1
ClusterID:1592	1	0
ClusterID:1593	1	0
ClusterID:1594	1	0
ClusterID:1595	3	2
ClusterID:1596	3	2
ClusterID:1597	1	0
ClusterID:1598	1	0
ClusterID:1599	1	0
ClusterID:1600	1	0
ClusterID:1601	2	1
ClusterID:1602	1	0
ClusterID:1603	1	0
ClusterID:1604	3	2
ClusterID:1605	1	0
ClusterID:1606	1	0
ClusterID:1607	3	3
ClusterID:1608	1	0
ClusterID:1609	5	4
ClusterID:1610	1	0
ClusterID:1611	2	1
ClusterID:1612	1	0
ClusterID:1613	2	1
ClusterID:1614	2	1
ClusterID:1615	1	0
ClusterID:1616	4	5
ClusterID:1617	4	6
ClusterID:1618	7	16
ClusterID:1619	8	9
ClusterID:1620	3	2
ClusterID:1621	1	0
ClusterID:1622	1	0
ClusterID:1623	1	0
ClusterID:1624	14	42
ClusterID:1625	19	58
ClusterID:1626	1	0
ClusterID:1627	1	0
ClusterID:1628	2	1
ClusterID:1629	1	0
ClusterID:1630	2	1
ClusterID:1631	10	11
ClusterID:1632	2	1
ClusterID:1633	2	1
ClusterID:1634	3	3
ClusterID:1635	4	3
ClusterID:1636	2	1
ClusterID:1637	1	0
ClusterID:1638	1	0
ClusterID:1639	10	15
ClusterID:1640	3	2
ClusterID:1641	11	46
ClusterID:1642	1	0
ClusterID:1643	1	0
ClusterID:1644	15	52
ClusterID:1645	19	67
ClusterID:1646	2	1
ClusterID:1647	1	0
ClusterID:1648	76	651
ClusterID:1649	2	1
ClusterID:1650	12	46
ClusterID:1651	3	2
ClusterID:1652	4	4
ClusterID:1653	1	0
ClusterID:1654	3	3
ClusterID:1655	1	0
ClusterID:1656	1	0
ClusterID:1657	1	0
ClusterID:1658	3	2
ClusterID:1659	1	0
ClusterID:1660	1	0
ClusterID:1661	3	2
ClusterID:1662	6	11
ClusterID:1663	2	1
ClusterID:1664	8	8
ClusterID:1665	2	1
ClusterID:1666	1	0
ClusterID:1667	2	1
ClusterID:1668	1	0
ClusterID:1669	3	2
ClusterID:1670	7	11
ClusterID:1671	5	10
ClusterID:1672	2	1
ClusterID:1673	17	83
ClusterID:1674	1	0
ClusterID:1675	2	1
ClusterID:1676	1	0
ClusterID:1677	1	0
ClusterID:1678	1	0
ClusterID:1679	1	0
ClusterID:1680	4	4
ClusterID:1681	4	3
ClusterID:1682	3	3
ClusterID:1683	2	1
ClusterID:1684	10	37
ClusterID:1685	5	7
ClusterID:1686	5	7
ClusterID:1687	1	0
ClusterID:1688	1	0
ClusterID:1689	7	21
ClusterID:1690	1	0
ClusterID:1691	7	11
ClusterID:1692	8	9
ClusterID:1693	1	0
ClusterID:1694	2	1
ClusterID:1695	1	0
ClusterID:1696	3	2
ClusterID:1697	3	2
ClusterID:1698	2	1
ClusterID:1699	1	0
ClusterID:1700	1	0
ClusterID:1701	2	1
ClusterID:1702	4	3
ClusterID:1703	1	0
ClusterID:1704	1	0
ClusterID:1705	1	0
ClusterID:1706	1	0
ClusterID:1707	2	1
ClusterID:1708	4	6
ClusterID:1709	2	1
ClusterID:1710	1	0
ClusterID:1711	5	5
ClusterID:1712	9	35
ClusterID:1713	1	0
ClusterID:1714	4	3
ClusterID:1715	1	0
ClusterID:1716	3	2
ClusterID:1717	2	1
ClusterID:1718	8	23
ClusterID:1719	1	0
ClusterID:1720	1	0
ClusterID:1721	1	0
ClusterID:1722	7	7
ClusterID:1723	1	0
ClusterID:1724	3	2
ClusterID:1725	1	0
ClusterID:1726	3	2
ClusterID:1727	3	3
ClusterID:1728	1	0
ClusterID:1729	3	2
ClusterID:1730	1	0
ClusterID:1731	3	3
ClusterID:1732	1	0
ClusterID:1733	1	0
ClusterID:1734	1	0
ClusterID:1735	1	0
ClusterID:1736	2	1
ClusterID:1737	9	36
ClusterID:1738	3	3
ClusterID:1739	19	136
ClusterID:1740	4	3
ClusterID:1741	2	1
ClusterID:1742	1	0
ClusterID:1743	2	1
ClusterID:1744	3	2
ClusterID:1745	3	2
ClusterID:1746	1	0
ClusterID:1747	2	1
ClusterID:1748	1	0
ClusterID:1749	1	0
ClusterID:1750	1	0
ClusterID:1751	7	20
ClusterID:1752	4	3
ClusterID:1753	1	0
ClusterID:1754	1	0
ClusterID:1755	4	5
ClusterID:1756	3	3
ClusterID:1757	3	2
ClusterID:1758	1	0
ClusterID:1759	1	0
ClusterID:1760	1	0
ClusterID:1761	11	30
ClusterID:1762	2	1
ClusterID:1763	3	2
ClusterID:1764	1	0
ClusterID:1765	1	0
ClusterID:1766	2	1
ClusterID:1767	8	16
ClusterID:1768	3	2
ClusterID:1769	2	1
ClusterID:1770	1	0
ClusterID:1771	3	2
ClusterID:1772	1	0
ClusterID:1773	1	0
ClusterID:1774	7	7
ClusterID:1775	9	28
ClusterID:1776	1	0
ClusterID:1777	1	0
ClusterID:1778	3	3
ClusterID:1779	5	4
ClusterID:1780	2	1
ClusterID:1781	3	3
ClusterID:1782	1	0
ClusterID:1783	30	338
ClusterID:1784	1	0
ClusterID:1785	8	27
ClusterID:1786	1	0
ClusterID:1787	1	0
ClusterID:1788	1	0
ClusterID:1789	13	22
ClusterID:1790	9	26
ClusterID:1791	2	1
ClusterID:1792	10	30
ClusterID:1793	3	3
ClusterID:1794	2	1
ClusterID:1795	1	0
ClusterID:1796	6	15
ClusterID:1797	1	0
ClusterID:1798	1	0
ClusterID:1799	1	0
ClusterID:1800	1	0
ClusterID:1801	1	0
ClusterID:1802	1	0
ClusterID:1803	1	0
ClusterID:1804	1	0
ClusterID:1805	1	0
ClusterID:1806	1	0
ClusterID:1807	1	0
ClusterID:1808	29	371
ClusterID:1809	7	21
ClusterID:1810	2	1
ClusterID:1811	8	14
ClusterID:1812	1	0
ClusterID:1813	2	1
ClusterID:1814	1	0
ClusterID:1815	1	0
ClusterID:1816	1	0
ClusterID:1817	2	1
ClusterID:1818	49	504
ClusterID:1819	2	1
ClusterID:1820	6	9
ClusterID:1821	3	2
ClusterID:1822	1	0
ClusterID:1823	1	0
ClusterID:1824	1	0
ClusterID:1825	2	1
ClusterID:1826	1	0
ClusterID:1827	2	1
ClusterID:1828	1	0
ClusterID:1829	3	2
ClusterID:1830	2	1
ClusterID:1831	5	8
ClusterID:1832	14	61
ClusterID:1833	14	64
ClusterID:1834	4	3
ClusterID:1835	1	0
ClusterID:1836	1	0
ClusterID:1837	1	0
ClusterID:1838	1	0
ClusterID:1839	1	0
ClusterID:1840	1	0
ClusterID:1841	1	0
ClusterID:1842	2	1
ClusterID:1843	1	0
ClusterID:1844	11	35
ClusterID:1845	5	5
ClusterID:1846	2	1
ClusterID:1847	6	5
ClusterID:1848	1	0
ClusterID:1849	10	10
ClusterID:1850	4	4
ClusterID:1851	1	0
ClusterID:1852	1	0
ClusterID:1853	1	0
ClusterID:1854	9	30
ClusterID:1855	1	0
ClusterID:1856	3	2
ClusterID:1857	1	0
ClusterID:1858	4	3
ClusterID:1859	1	0
ClusterID:1860	2	1
ClusterID:1861	27	147
ClusterID:1862	11	47
ClusterID:1863	2	1
ClusterID:1864	5	4
ClusterID:1865	1	0
ClusterID:1866	1	0
ClusterID:1867	1	0
ClusterID:1868	1	0
ClusterID:1869	5	7
ClusterID:1870	3	3
ClusterID:1871	3	2
ClusterID:1872	3	3
ClusterID:1873	2	1
ClusterID:1874	1	0
ClusterID:1875	3	3
ClusterID:1876	1	0
ClusterID:1877	2	1
ClusterID:1878	1	0
ClusterID:1879	4	5
ClusterID:1880	20	73
ClusterID:1881	1	0
ClusterID:1882	1	0
ClusterID:1883	2	1
ClusterID:1884	1	0
ClusterID:1885	4	5
ClusterID:1886	2	1
ClusterID:1887	2	1
ClusterID:1888	2	1
ClusterID:1889	1	0
ClusterID:1890	1	0
ClusterID:1891	3	3
ClusterID:1892	2	1
ClusterID:1893	1	0
ClusterID:1894	6	7
ClusterID:1895	10	23
ClusterID:1896	5	5
ClusterID:1897	1	0
ClusterID:1898	2	1
ClusterID:1899	3	3
ClusterID:1900	1	0
ClusterID:1901	4	4
ClusterID:1902	1	0
ClusterID:1903	1	0
ClusterID:1904	3	3
ClusterID:1905	1	0
ClusterID:1906	1	0
ClusterID:1907	1	0
ClusterID:1908	3	2
ClusterID:1909	1	0
ClusterID:1910	5	6
ClusterID:1911	10	18
ClusterID:1912	1	0
ClusterID:1913	1	0
ClusterID:1914	1	0
ClusterID:1915	1	0
ClusterID:1916	1	0
ClusterID:1917	1	0
ClusterID:1918	2	1
ClusterID:1919	1	0
ClusterID:1920	1	0
ClusterID:1921	1	0
ClusterID:1922	1	0
ClusterID:1923	3	2
ClusterID:1924	1	0
ClusterID:1925	3	2
ClusterID:1926	2	1
ClusterID:1927	3	3
ClusterID:1928	3	2
ClusterID:1929	5	4
ClusterID:1930	4	5
ClusterID:1931	3	3
ClusterID:1932	1	0
ClusterID:1933	1	0
ClusterID:1934	5	5
ClusterID:1935	1	0
ClusterID:1936	2	1
ClusterID:1937	2	1
ClusterID:1938	1	0
ClusterID:1939	1	0
ClusterID:1940	1	0
ClusterID:1941	1	0
ClusterID:1942	2	1
ClusterID:1943	1	0
ClusterID:1944	12	49
ClusterID:1945	3	2
ClusterID:1946	1	0
ClusterID:1947	3	2
ClusterID:1948	37	457
ClusterID:1949	4	5
ClusterID:1950	1	0
ClusterID:1951	1	0
ClusterID:1952	8	16
ClusterID:1953	1	0
ClusterID:1954	5	8
ClusterID:1955	1	0
ClusterID:1956	3	3
ClusterID:1957	2	1
ClusterID:1958	1	0
ClusterID:1959	4	6
ClusterID:1960	1	0
ClusterID:1961	4	6
ClusterID:1962	1	0
ClusterID:1963	1	0
ClusterID:1964	1	0
ClusterID:1965	2	1
ClusterID:1966	5	5
ClusterID:1967	1	0
ClusterID:1968	4	6
ClusterID:1969	2	1
ClusterID:1970	5	4
ClusterID:1971	3	3
ClusterID:1972	2	1
ClusterID:1973	4	3
ClusterID:1974	1	0
ClusterID:1975	3	2
ClusterID:1976	7	14
ClusterID:1977	3	2
ClusterID:1978	6	5
ClusterID:1979	1	0
ClusterID:1980	4	3
ClusterID:1981	4	4
ClusterID:1982	13	45
ClusterID:1983	2	1
ClusterID:1984	3	2
ClusterID:1985	1	0
ClusterID:1986	1	0
ClusterID:1987	4	4
ClusterID:1988	1	0
ClusterID:1989	1	0
ClusterID:1990	2	1
ClusterID:1991	5	10
ClusterID:1992	3	3
ClusterID:1993	2	1
ClusterID:1994	1	0
ClusterID:1995	1	0
ClusterID:1996	1	0
ClusterID:1997	1	0
ClusterID:1998	3	2
ClusterID:1999	3	3
ClusterID:2000	1	0
ClusterID:2001	1	0
ClusterID:2002	1	0
ClusterID:2003	3	3
ClusterID:2004	2	1
ClusterID:2005	7	17
ClusterID:2006	1	0
ClusterID:2007	1	0
ClusterID:2008	15	39
ClusterID:2009	7	17
ClusterID:2010	3	2
ClusterID:2011	18	105
ClusterID:2012	1	0
ClusterID:2013	9	32
ClusterID:2014	1	0
ClusterID:2015	1	0
ClusterID:2016	3	2
ClusterID:2017	2	1
ClusterID:2018	9	20
ClusterID:2019	1	0
ClusterID:2020	1	0
ClusterID:2021	1	0
ClusterID:2022	1	0
ClusterID:2023	4	4
ClusterID:2024	8	21
ClusterID:2025	2	1
ClusterID:2026	1	0
ClusterID:2027	2	1
ClusterID:2028	1	0
ClusterID:2029	4	6
ClusterID:2030	1	0
ClusterID:2031	1	0
ClusterID:2032	2	1
ClusterID:2033	3	3
ClusterID:2034	1	0
ClusterID:2035	1	0
ClusterID:2036	3	3
ClusterID:2037	4	4
ClusterID:2038	1	0
ClusterID:2039	3	3
ClusterID:2040	3	2
ClusterID:2041	9	15
ClusterID:2042	1	0
ClusterID:2043	1	0
ClusterID:2044	1	0
ClusterID:2045	1	0
ClusterID:2046	1	0
ClusterID:2047	1	0
ClusterID:2048	6	5
ClusterID:2049	8	15
ClusterID:2050	1	0
ClusterID:2051	6	8
ClusterID:2052	1	0
ClusterID:2053	12	40
ClusterID:2054	2	1
ClusterID:2055	5	6
ClusterID:2056	7	13
ClusterID:2057	2	1
ClusterID:2058	3	3
ClusterID:2059	1	0
ClusterID:2060	1	0
ClusterID:2061	3	2
ClusterID:2062	1	0
ClusterID:2063	10	39
ClusterID:2064	1	0
ClusterID:2065	2	1
ClusterID:2066	2	1
ClusterID:2067	3	2
ClusterID:2068	5	6
ClusterID:2069	2	1
ClusterID:2070	2	1
ClusterID:2071	2	1
ClusterID:2072	3	2
ClusterID:2073	2	1
ClusterID:2074	7	17
ClusterID:2075	3	2
ClusterID:2076	1	0
ClusterID:2077	2	1
ClusterID:2078	11	36
ClusterID:2079	12	44
ClusterID:2080	1	0
ClusterID:2081	1	0
ClusterID:2082	1	0
ClusterID:2083	6	15
ClusterID:2084	1	0
ClusterID:2085	2	1
ClusterID:2086	3	3
ClusterID:2087	1	0
ClusterID:2088	1	0
ClusterID:2089	2	1
ClusterID:2090	1	0
ClusterID:2091	4	5
ClusterID:2092	2	1
ClusterID:2093	1	0
ClusterID:2094	12	19
ClusterID:2095	5	5
ClusterID:2096	12	44
ClusterID:2097	4	3
ClusterID:2098	1	0
ClusterID:2099	5	7
ClusterID:2100	6	9
ClusterID:2101	5	4
ClusterID:2102	1	0
ClusterID:2103	8	21
ClusterID:2104	5	8
ClusterID:2105	4	3
ClusterID:2106	2	1
ClusterID:2107	13	38
ClusterID:2108	1	0
ClusterID:2109	4	6
ClusterID:2110	3	3
ClusterID:2111	8	14
ClusterID:2112	1	0
ClusterID:2113	1	0
ClusterID:2114	2	1
ClusterID:2115	7	21
ClusterID:2116	8	28
ClusterID:2117	1	0
ClusterID:2118	2	1
ClusterID:2119	1	0
ClusterID:2120	1	0
ClusterID:2121	1	0
ClusterID:2122	1	0
ClusterID:2123	4	3
ClusterID:2124	1	0
ClusterID:2125	3	2
ClusterID:2126	2	1
ClusterID:2127	1	0
ClusterID:2128	1	0
ClusterID:2129	1	0
ClusterID:2130	3	2
ClusterID:2131	2	1
ClusterID:2132	5	10
ClusterID:2133	1	0
ClusterID:2134	3	3
ClusterID:2135	18	90
ClusterID:2136	9	21
ClusterID:2137	2	1
ClusterID:2138	1	0
ClusterID:2139	1	0
ClusterID:2140	1	0
ClusterID:2141	1	0
ClusterID:2142	12	46
ClusterID:2143	1	0
ClusterID:2144	1	0
ClusterID:2145	1	0
ClusterID:2146	1	0
ClusterID:2147	1	0
ClusterID:2148	7	16
ClusterID:2149	4	3
ClusterID:2150	2	1
ClusterID:2151	2	1
ClusterID:2152	11	43
ClusterID:2153	6	14
ClusterID:2154	10	45
ClusterID:2155	2	1
ClusterID:2156	2	1
ClusterID:2157	1	0
ClusterID:2158	27	189
ClusterID:2159	4	6
ClusterID:2160	1	0
ClusterID:2161	9	14
ClusterID:2162	2	1
ClusterID:2163	1	0
ClusterID:2164	10	18
ClusterID:2165	1	0
ClusterID:2166	1	0
ClusterID:2167	4	3
ClusterID:2168	5	4
ClusterID:2169	2	1
ClusterID:2170	1	0
ClusterID:2171	1	0
ClusterID:2172	1	0
ClusterID:2173	4	3
ClusterID:2174	11	30
ClusterID:2175	1	0
ClusterID:2176	5	9
ClusterID:2177	8	14
ClusterID:2178	3	2
ClusterID:2179	10	26
ClusterID:2180	9	16
ClusterID:2181	1	0
ClusterID:2182	1	0
ClusterID:2183	6	6
ClusterID:2184	2	1
ClusterID:2185	1	0
ClusterID:2186	3	2
ClusterID:2187	2	1
ClusterID:2188	2	1
ClusterID:2189	3	3
ClusterID:2190	10	28
ClusterID:2191	1	0
ClusterID:2192	3	2
ClusterID:2193	1	0
ClusterID:2194	1	0
ClusterID:2195	2	1
ClusterID:2196	1	0
ClusterID:2197	3	2
ClusterID:2198	7	13
ClusterID:2199	20	24
ClusterID:2200	3	2
ClusterID:2201	7	12
ClusterID:2202	9	9
ClusterID:2203	4	4
ClusterID:2204	15	37
ClusterID:2205	3	2
ClusterID:2206	1	0
ClusterID:2207	1	0
ClusterID:2208	4	3
ClusterID:2209	1	0
ClusterID:2210	1	0
ClusterID:2211	1	0
ClusterID:2212	2	1
ClusterID:2213	1	0
ClusterID:2214	8	14
ClusterID:2215	1	0
ClusterID:2216	2	1
ClusterID:2217	3	2
ClusterID:2218	1	0
ClusterID:2219	1	0
ClusterID:2220	1	0
ClusterID:2221	1	0
ClusterID:2222	3	2
ClusterID:2223	6	12
ClusterID:2224	5	4
ClusterID:2225	1	0
ClusterID:2226	1	0
ClusterID:2227	14	45
ClusterID:2228	1	0
ClusterID:2229	9	12
ClusterID:2230	1	0
ClusterID:2231	16	90
ClusterID:2232	1	0
ClusterID:2233	2	1
ClusterID:2234	1	0
ClusterID:2235	1	0
ClusterID:2236	1	0
ClusterID:2237	4	5
ClusterID:2238	3	2
ClusterID:2239	3	2
ClusterID:2240	1	0
ClusterID:2241	5	4
ClusterID:2242	1	0
ClusterID:2243	2	1
ClusterID:2244	11	29
ClusterID:2245	6	5
ClusterID:2246	1	0
ClusterID:2247	2	1
ClusterID:2248	4	5
ClusterID:2249	3	2
ClusterID:2250	1	0
ClusterID:2251	1	0
ClusterID:2252	3	2
ClusterID:2253	2	1
ClusterID:2254	2	1
ClusterID:2255	1	0
ClusterID:2256	3	2
ClusterID:2257	1	0
ClusterID:2258	1	0
ClusterID:2259	1	0
ClusterID:2260	4	4
ClusterID:2261	1	0
ClusterID:2262	1	0
ClusterID:2263	1	0
ClusterID:2264	1	0
ClusterID:2265	1	0
ClusterID:2266	1	0
ClusterID:2267	2	1
ClusterID:2268	12	24
ClusterID:2269	2	1
ClusterID:2270	2	1
ClusterID:2271	3	3
ClusterID:2272	1	0
ClusterID:2273	1	0
ClusterID:2274	1	0
ClusterID:2275	3	2
ClusterID:2276	2	1
ClusterID:2277	1	0
ClusterID:2278	6	5
ClusterID:2279	1	0
ClusterID:2280	1	0
ClusterID:2281	2	1
ClusterID:2282	1	0
ClusterID:2283	3	2
ClusterID:2284	2	1
ClusterID:2285	2	1
ClusterID:2286	21	143
ClusterID:2287	1	0
ClusterID:2288	2	1
ClusterID:2289	1	0
ClusterID:2290	1	0
ClusterID:2291	5	8
ClusterID:2292	6	5
ClusterID:2293	5	7
ClusterID:2294	5	7
ClusterID:2295	1	0
ClusterID:2296	4	3
ClusterID:2297	8	10
ClusterID:2298	1	0
ClusterID:2299	2	1
ClusterID:2300	1	0
ClusterID:2301	5	5
ClusterID:2302	6	7
ClusterID:2303	2	1
ClusterID:2304	4	4
ClusterID:2305	2	1
ClusterID:2306	1	0
ClusterID:2307	8	19
ClusterID:2308	1	0
ClusterID:2309	1	0
ClusterID:2310	3	2
ClusterID:2311	5	9
ClusterID:2312	1	0
ClusterID:2313	6	6
ClusterID:2314	3	2
ClusterID:2315	1	0
ClusterID:2316	2	1
ClusterID:2317	4	4
ClusterID:2318	3	2
ClusterID:2319	4	3
ClusterID:2320	5	5
ClusterID:2321	1	0
ClusterID:2322	5	8
ClusterID:2323	14	59
ClusterID:2324	1	0
ClusterID:2325	2	1
ClusterID:2326	2	1
ClusterID:2327	5	4
ClusterID:2328	6	11
ClusterID:2329	2	1
ClusterID:2330	4	3
ClusterID:2331	1	0
ClusterID:2332	1	0
ClusterID:2333	1	0
ClusterID:2334	3	2
ClusterID:2335	1	0
ClusterID:2336	12	38
ClusterID:2337	1	0
ClusterID:2338	8	27
ClusterID:2339	1	0
ClusterID:2340	2	1
ClusterID:2341	1	0
ClusterID:2342	2	1
ClusterID:2343	8	19
ClusterID:2344	1	0
ClusterID:2345	3	3
ClusterID:2346	2	1
ClusterID:2347	1	0
ClusterID:2348	4	5
ClusterID:2349	5	6
ClusterID:2350	2	1
ClusterID:2351	1	0
ClusterID:2352	1	0
ClusterID:2353	1	0
ClusterID:2354	2	1
ClusterID:2355	1	0
ClusterID:2356	1	0
ClusterID:2357	1	0
ClusterID:2358	4	4
ClusterID:2359	2	1
ClusterID:2360	5	5
ClusterID:2361	1	0
ClusterID:2362	1	0
ClusterID:2363	2	1
ClusterID:2364	1	0
ClusterID:2365	1	0
ClusterID:2366	4	3
ClusterID:2367	1	0
ClusterID:2368	1	0
ClusterID:2369	3	3
ClusterID:2370	1	0
ClusterID:2371	1	0
ClusterID:2372	1	0
ClusterID:2373	1	0
ClusterID:2374	2	1
ClusterID:2375	7	16
ClusterID:2376	1	0
ClusterID:2377	4	4
ClusterID:2378	1	0
ClusterID:2379	5	9
ClusterID:2380	15	51
ClusterID:2381	1	0
ClusterID:2382	2	1
ClusterID:2383	1	0
ClusterID:2384	2	1
ClusterID:2385	4	4
ClusterID:2386	2	1
ClusterID:2387	3	2
ClusterID:2388	1	0
ClusterID:2389	3	2
ClusterID:2390	5	6
ClusterID:2391	4	5
ClusterID:2392	1	0
ClusterID:2393	1	0
ClusterID:2394	1	0
ClusterID:2395	5	7
ClusterID:2396	1	0
ClusterID:2397	1	0
ClusterID:2398	2	1
ClusterID:2399	14	42
ClusterID:2400	3	2
ClusterID:2401	3	3
ClusterID:2402	16	80
ClusterID:2403	1	0
ClusterID:2404	1	0
ClusterID:2405	2	1
ClusterID:2406	1	0
ClusterID:2407	2	1
ClusterID:2408	2	1
ClusterID:2409	1	0
ClusterID:2410	1	0
ClusterID:2411	2	1
ClusterID:2412	3	2
ClusterID:2413	3	3
ClusterID:2414	8	8
ClusterID:2415	1	0
ClusterID:2416	1	0
ClusterID:2417	1	0
ClusterID:2418	10	29
ClusterID:2419	2	1
ClusterID:2420	3	2
ClusterID:2421	12	40
ClusterID:2422	2	1
ClusterID:2423	4	5
ClusterID:2424	2	1
ClusterID:2425	1	0
ClusterID:2426	2	1
ClusterID:2427	1	0
ClusterID:2428	3	2
ClusterID:2429	2	1
ClusterID:2430	1	0
ClusterID:2431	1	0
ClusterID:2432	4	6
ClusterID:2433	4	4
ClusterID:2434	9	27
ClusterID:2435	1	0
ClusterID:2436	2	1
ClusterID:2437	3	2
ClusterID:2438	2	1
ClusterID:2439	15	42
ClusterID:2440	15	81
ClusterID:2441	3	3
ClusterID:2442	1	0
ClusterID:2443	4	6
ClusterID:2444	2	1
ClusterID:2445	3	2
ClusterID:2446	1	0
ClusterID:2447	3	2
ClusterID:2448	3	2
ClusterID:2449	1	0
ClusterID:2450	1	0
ClusterID:2451	1	0
ClusterID:2452	1	0
ClusterID:2453	9	20
ClusterID:2454	15	105
ClusterID:2455	3	2
ClusterID:2456	1	0
ClusterID:2457	4	3
ClusterID:2458	1	0
ClusterID:2459	7	15
ClusterID:2460	1	0
ClusterID:2461	2	1
ClusterID:2462	2	1
ClusterID:2463	2	1
ClusterID:2464	13	44
ClusterID:2465	3	3
ClusterID:2466	4	3
ClusterID:2467	2	1
ClusterID:2468	5	10
ClusterID:2469	1	0
ClusterID:2470	1	0
ClusterID:2471	3	3
ClusterID:2472	3	2
ClusterID:2473	1	0
ClusterID:2474	1	0
ClusterID:2475	2	1
ClusterID:2476	1	0
ClusterID:2477	7	16
ClusterID:2478	3	2
ClusterID:2479	1	0
ClusterID:2480	3	2
ClusterID:2481	1	0
ClusterID:2482	1	0
ClusterID:2483	1	0
ClusterID:2484	1	0
ClusterID:2485	2	1
ClusterID:2486	3	2
ClusterID:2487	2	1
ClusterID:2488	1	0
ClusterID:2489	1	0
ClusterID:2490	1	0
ClusterID:2491	6	8
ClusterID:2492	4	3
ClusterID:2493	1	0
ClusterID:2494	1	0
ClusterID:2495	1	0
ClusterID:2496	5	6
ClusterID:2497	5	4
ClusterID:2498	1	0
ClusterID:2499	3	3
ClusterID:2500	1	0
ClusterID:2501	6	6
ClusterID:2502	1	0
ClusterID:2503	5	7
ClusterID:2504	3	2
ClusterID:2505	8	12
ClusterID:2506	6	8
ClusterID:2507	1	0
ClusterID:2508	3	2
ClusterID:2509	4	4
ClusterID:2510	5	4
ClusterID:2511	2	1
ClusterID:2512	1	0
ClusterID:2513	3	2
ClusterID:2514	6	5
ClusterID:2515	2	1
ClusterID:2516	10	34
ClusterID:2517	2	1
ClusterID:2518	2	1
ClusterID:2519	2	1
ClusterID:2520	2	1
ClusterID:2521	29	267
ClusterID:2522	4	4
ClusterID:2523	17	56
ClusterID:2524	3	2
ClusterID:2525	1	0
ClusterID:2526	1	0
ClusterID:2527	4	3
ClusterID:2528	2	1
ClusterID:2529	1	0
ClusterID:2530	1	0
ClusterID:2531	7	17
ClusterID:2532	2	1
ClusterID:2533	3	2
ClusterID:2534	1	0
ClusterID:2535	5	5
ClusterID:2536	3	2
ClusterID:2537	1	0
ClusterID:2538	2	1
ClusterID:2539	1	0
ClusterID:2540	2	1
ClusterID:2541	2	1
ClusterID:2542	8	9
ClusterID:2543	3	3
ClusterID:2544	2	1
ClusterID:2545	1	0
ClusterID:2546	2	1
ClusterID:2547	5	8
ClusterID:2548	1	0
ClusterID:2549	1	0
ClusterID:2550	2	1
ClusterID:2551	1	0
ClusterID:2552	2	1
ClusterID:2553	5	7
ClusterID:2554	5	7
ClusterID:2555	4	6
ClusterID:2556	1	0
ClusterID:2557	2	1
ClusterID:2558	3	2
ClusterID:2559	30	287
ClusterID:2560	3	2
ClusterID:2561	1	0
ClusterID:2562	3	2
ClusterID:2563	1	0
ClusterID:2564	1	0
ClusterID:2565	1	0
ClusterID:2566	5	7
ClusterID:2567	5	5
ClusterID:2568	3	2
ClusterID:2569	1	0
ClusterID:2570	1	0
ClusterID:2571	2	1
ClusterID:2572	7	15
ClusterID:2573	3	2
ClusterID:2574	1	0
ClusterID:2575	10	26
ClusterID:2576	1	0
ClusterID:2577	1	0
ClusterID:2578	5	7
ClusterID:2579	2	1
ClusterID:2580	1	0
ClusterID:2581	3	2
ClusterID:2582	3	3
ClusterID:2583	1	0
ClusterID:2584	7	9
ClusterID:2585	1	0
ClusterID:2586	5	5
ClusterID:2587	1	0
ClusterID:2588	1	0
ClusterID:2589	2	1
ClusterID:2590	1	0
ClusterID:2591	6	6
ClusterID:2592	6	7
ClusterID:2593	4	3
ClusterID:2594	1	0
ClusterID:2595	1	0
ClusterID:2596	1	0
ClusterID:2597	10	18
ClusterID:2598	14	43
ClusterID:2599	1	0
ClusterID:2600	2	1
ClusterID:2601	1	0
ClusterID:2602	7	9
ClusterID:2603	9	10
ClusterID:2604	52	396
ClusterID:2605	1	0
ClusterID:2606	1	0
ClusterID:2607	1	0
ClusterID:2608	5	7
ClusterID:2609	1	0
ClusterID:2610	1	0
ClusterID:2611	2	1
ClusterID:2612	6	9
ClusterID:2613	16	63
ClusterID:2614	2	1
ClusterID:2615	2	1
ClusterID:2616	1	0
ClusterID:2617	1	0
ClusterID:2618	2	1
ClusterID:2619	1	0
ClusterID:2620	8	11
ClusterID:2621	1	0
ClusterID:2622	9	21
ClusterID:2623	3	2
ClusterID:2624	5	5
ClusterID:2625	3	2
ClusterID:2626	2	1
ClusterID:2627	3	3
ClusterID:2628	1	0
ClusterID:2629	3	2
ClusterID:2630	1	0
ClusterID:2631	2	1
ClusterID:2632	18	108
ClusterID:2633	1	0
ClusterID:2634	1	0
ClusterID:2635	1	0
ClusterID:2636	2	1
ClusterID:2637	2	1
ClusterID:2638	2	1
ClusterID:2639	2	1
ClusterID:2640	8	19
ClusterID:2641	2	1
ClusterID:2642	1	0
ClusterID:2643	5	10
ClusterID:2644	12	31
ClusterID:2645	3	2
ClusterID:2646	3	2
ClusterID:2647	1	0
ClusterID:2648	7	7
ClusterID:2649	4	3
ClusterID:2650	3	2
ClusterID:2651	36	295
ClusterID:2652	5	5
ClusterID:2653	1	0
ClusterID:2654	1	0
ClusterID:2655	2	1
ClusterID:2656	2	1
ClusterID:2657	1	0
ClusterID:2658	1	0
ClusterID:2659	6	5
ClusterID:2660	2	1
ClusterID:2661	1	0
ClusterID:2662	1	0
ClusterID:2663	1	0
ClusterID:2664	1	0
ClusterID:2665	2	1
ClusterID:2666	3	2
ClusterID:2667	1	0
ClusterID:2668	5	6
ClusterID:2669	20	100
ClusterID:2670	1	0
ClusterID:2671	1	0
ClusterID:2672	7	14
ClusterID:2673	2	1
ClusterID:2674	3	2
ClusterID:2675	1	0
ClusterID:2676	2	1
ClusterID:2677	3	2
ClusterID:2678	11	13
ClusterID:2679	4	4
ClusterID:2680	2	1
ClusterID:2681	6	11
ClusterID:2682	1	0
ClusterID:2683	3	2
ClusterID:2684	3	3
ClusterID:2685	1	0
ClusterID:2686	4	4
ClusterID:2687	1	0
ClusterID:2688	2	1
ClusterID:2689	15	40
ClusterID:2690	1	0
ClusterID:2691	1	0
ClusterID:2692	9	20
ClusterID:2693	1	0
ClusterID:2694	1	0
ClusterID:2695	1	0
ClusterID:2696	2	1
ClusterID:2697	3	3
ClusterID:2698	1	0
ClusterID:2699	5	7
ClusterID:2700	2	1
ClusterID:2701	1	0
ClusterID:2702	2	1
ClusterID:2703	1	0
ClusterID:2704	1	0
ClusterID:2705	6	11
ClusterID:2706	1	0
ClusterID:2707	15	65
ClusterID:2708	3	3
ClusterID:2709	12	43
ClusterID:2710	2	1
ClusterID:2711	5	10
ClusterID:2712	5	5
ClusterID:2713	2	1
ClusterID:2714	1	0
ClusterID:2715	4	4
ClusterID:2716	2	1
ClusterID:2717	1	0
ClusterID:2718	2	1
ClusterID:2719	2	1
ClusterID:2720	1	0
ClusterID:2721	2	1
ClusterID:2722	2	1
ClusterID:2723	2	1
ClusterID:2724	1	0
ClusterID:2725	5	6
ClusterID:2726	14	33
ClusterID:2727	2	1
ClusterID:2728	6	6
ClusterID:2729	1	0
ClusterID:2730	6	7
ClusterID:2731	10	10
ClusterID:2732	1	0
ClusterID:2733	8	18
ClusterID:2734	5	4
ClusterID:2735	3	2
ClusterID:2736	2	1
ClusterID:2737	3	2
ClusterID:2738	1	0
ClusterID:2739	2	1
ClusterID:2740	5	6
ClusterID:2741	1	0
ClusterID:2742	6	15
ClusterID:2743	2	1
ClusterID:2744	1	0
ClusterID:2745	4	3
ClusterID:2746	1	0
ClusterID:2747	4	4
ClusterID:2748	4	5
ClusterID:2749	1	0
ClusterID:2750	2	1
ClusterID:2751	2	1
ClusterID:2752	4	4
ClusterID:2753	4	4
ClusterID:2754	3	3
ClusterID:2755	1	0
ClusterID:2756	27	205
ClusterID:2757	1	0
ClusterID:2758	1	0
ClusterID:2759	2	1
ClusterID:2760	3	2
ClusterID:2761	3	3
ClusterID:2762	3	2
ClusterID:2763	2	1
ClusterID:2764	1	0
ClusterID:2765	8	8
ClusterID:2766	3	3
ClusterID:2767	1	0
ClusterID:2768	2	1
ClusterID:2769	3	2
ClusterID:2770	5	5
ClusterID:2771	5	5
ClusterID:2772	7	16
ClusterID:2773	6	9
ClusterID:2774	4	3
ClusterID:2775	3	2
ClusterID:2776	1	0
ClusterID:2777	2	1
ClusterID:2778	2	1
ClusterID:2779	2	1
ClusterID:2780	2	1
ClusterID:2781	4	3
ClusterID:2782	3	3
ClusterID:2783	4	4
ClusterID:2784	2	1
ClusterID:2785	7	10
ClusterID:2786	1	0
ClusterID:2787	2	1
ClusterID:2788	9	22
ClusterID:2789	1	0
ClusterID:2790	1	0
ClusterID:2791	2	1
ClusterID:2792	3	3
ClusterID:2793	1	0
ClusterID:2794	1	0
ClusterID:2795	5	4
ClusterID:2796	1	0
ClusterID:2797	1	0
ClusterID:2798	2	1
ClusterID:2799	1	0
ClusterID:2800	2	1
ClusterID:2801	2	1
ClusterID:2802	2	1
ClusterID:2803	2	1
ClusterID:2804	3	2
ClusterID:2805	2	1
ClusterID:2806	4	3
ClusterID:2807	2	1
ClusterID:2808	1	0
ClusterID:2809	1	0
ClusterID:2810	1	0
ClusterID:2811	1	0
ClusterID:2812	1	0
ClusterID:2813	6	14
ClusterID:2814	1	0
ClusterID:2815	1	0
ClusterID:2816	2	1
ClusterID:2817	1	0
ClusterID:2818	1	0
ClusterID:2819	1	0
ClusterID:2820	3	3
ClusterID:2821	1	0
ClusterID:2822	1	0
ClusterID:2823	1	0
ClusterID:2824	3	2
ClusterID:2825	4	4
ClusterID:2826	2	1
ClusterID:2827	2	1
ClusterID:2828	1	0
ClusterID:2829	2	1
ClusterID:2830	10	36
ClusterID:2831	2	1
ClusterID:2832	2	1
ClusterID:2833	2	1
ClusterID:2834	2	1
ClusterID:2835	1	0
ClusterID:2836	2	1
ClusterID:2837	1	0
ClusterID:2838	1	0
ClusterID:2839	9	9
ClusterID:2840	2	1
ClusterID:2841	1	0
ClusterID:2842	1	0
ClusterID:2843	1	0
ClusterID:2844	4	4
ClusterID:2845	2	1
ClusterID:2846	2	1
ClusterID:2847	7	14
ClusterID:2848	1	0
ClusterID:2849	1	0
ClusterID:2850	2	1
ClusterID:2851	1	0
ClusterID:2852	2	1
ClusterID:2853	1	0
ClusterID:2854	13	63
ClusterID:2855	1	0
ClusterID:2856	4	5
ClusterID:2857	14	35
ClusterID:2858	9	13
ClusterID:2859	6	11
ClusterID:2860	1	0
ClusterID:2861	1	0
ClusterID:2862	2	1
ClusterID:2863	2	1
ClusterID:2864	1	0
ClusterID:2865	2	1
ClusterID:2866	22	148
ClusterID:2867	1	0
ClusterID:2868	2	1
ClusterID:2869	6	9
ClusterID:2870	2	1
ClusterID:2871	1	0
ClusterID:2872	2	1
ClusterID:2873	1	0
ClusterID:2874	1	0
ClusterID:2875	1	0
ClusterID:2876	10	28
ClusterID:2877	1	0
ClusterID:2878	12	39
ClusterID:2879	3	2
ClusterID:2880	1	0
ClusterID:2881	5	5
ClusterID:2882	2	1
ClusterID:2883	1	0
ClusterID:2884	2	1
ClusterID:2885	1	0
ClusterID:2886	1	0
ClusterID:2887	4	3
ClusterID:2888	3	2
ClusterID:2889	7	14
ClusterID:2890	3	2
ClusterID:2891	1	0
ClusterID:2892	4	6
ClusterID:2893	3	2
ClusterID:2894	8	17
ClusterID:2895	2	1
ClusterID:2896	2	1
ClusterID:2897	1	0
ClusterID:2898	10	29
ClusterID:2899	2	1
ClusterID:2900	2	1
ClusterID:2901	1	0
ClusterID:2902	1	0
ClusterID:2903	4	3
ClusterID:2904	2	1
ClusterID:2905	2	1
ClusterID:2906	47	830
ClusterID:2907	1	0
ClusterID:2908	2	1
ClusterID:2909	1	0
ClusterID:2910	1	0
ClusterID:2911	1	0
ClusterID:2912	1	0
ClusterID:2913	5	7
ClusterID:2914	6	6
ClusterID:2915	3	3
ClusterID:2916	2	1
ClusterID:2917	2	1
ClusterID:2918	2	1
ClusterID:2919	1	0
ClusterID:2920	3	2
ClusterID:2921	2	1
ClusterID:2922	2	1
ClusterID:2923	1	0
ClusterID:2924	2	1
ClusterID:2925	2	1
ClusterID:2926	1	0
ClusterID:2927	3	3
ClusterID:2928	2	1
ClusterID:2929	11	15
ClusterID:2930	2	1
ClusterID:2931	6	5
ClusterID:2932	14	18
ClusterID:2933	2	1
ClusterID:2934	1	0
ClusterID:2935	2	1
ClusterID:2936	2	1
ClusterID:2937	5	5
ClusterID:2938	2	1
ClusterID:2939	2	1
ClusterID:2940	2	1
ClusterID:2941	2	1
ClusterID:2942	1	0
ClusterID:2943	2	1
ClusterID:2944	5	5
ClusterID:2945	2	1
ClusterID:2946	1	0
ClusterID:2947	6	6
ClusterID:2948	6	15
ClusterID:2949	1	0
ClusterID:2950	1	0
ClusterID:2951	3	2
ClusterID:2952	2	1
ClusterID:2953	2	1
ClusterID:2954	2	1
ClusterID:2955	2	1
ClusterID:2956	7	12
ClusterID:2957	8	19
ClusterID:2958	3	3
ClusterID:2959	16	53
ClusterID:2960	1	0
ClusterID:2961	3	3
ClusterID:2962	2	1
ClusterID:2963	4	3
ClusterID:2964	4	4
ClusterID:2965	2	1
ClusterID:2966	7	7
ClusterID:2967	2	1
ClusterID:2968	2	1
ClusterID:2969	1	0
ClusterID:2970	2	1
ClusterID:2971	1	0
ClusterID:2972	8	14
ClusterID:2973	2	1
ClusterID:2974	2	1
ClusterID:2975	2	1
ClusterID:2976	3	2
ClusterID:2977	2	1
ClusterID:2978	2	1
ClusterID:2979	2	1
ClusterID:2980	5	4
ClusterID:2981	1	0
ClusterID:2982	1	0
ClusterID:2983	8	15
ClusterID:2984	1	0
ClusterID:2985	1	0
ClusterID:2986	5	5
ClusterID:2987	1	0
ClusterID:2988	4	6
ClusterID:2989	1	0
ClusterID:2990	3	2
ClusterID:2991	1	0
ClusterID:2992	15	60
ClusterID:2993	2	1
ClusterID:2994	3	3
ClusterID:2995	1	0
ClusterID:2996	12	28
ClusterID:2997	1	0
ClusterID:2998	2	1
ClusterID:2999	7	12
ClusterID:3000	9	25
ClusterID:3001	2	1
ClusterID:3002	2	1
ClusterID:3003	3	2
ClusterID:3004	7	21
ClusterID:3005	1	0
ClusterID:3006	1	0
ClusterID:3007	4	6
ClusterID:3008	5	6
ClusterID:3009	5	7
ClusterID:3010	2	1
ClusterID:3011	4	3
ClusterID:3012	3	2
ClusterID:3013	2	1
ClusterID:3014	4	3
ClusterID:3015	1	0
ClusterID:3016	5	4
ClusterID:3017	3	3
ClusterID:3018	1	0
ClusterID:3019	2	1
ClusterID:3020	2	1
ClusterID:3021	2	1
ClusterID:3022	2	1
ClusterID:3023	1	0
ClusterID:3024	2	1
ClusterID:3025	2	1
ClusterID:3026	1	0
ClusterID:3027	2	1
ClusterID:3028	1	0
ClusterID:3029	2	1
ClusterID:3030	2	1
ClusterID:3031	10	39
ClusterID:3032	1	0
ClusterID:3033	5	5
ClusterID:3034	9	22
ClusterID:3035	2	1
ClusterID:3036	1	0
ClusterID:3037	4	3
ClusterID:3038	2	1
ClusterID:3039	4	4
ClusterID:3040	1	0
ClusterID:3041	3	2
ClusterID:3042	3	2
ClusterID:3043	1	0
ClusterID:3044	4	4
ClusterID:3045	2	1
ClusterID:3046	1	0
ClusterID:3047	1	0
ClusterID:3048	3	2
ClusterID:3049	2	1
ClusterID:3050	9	10
ClusterID:3051	3	2
ClusterID:3052	2	1
ClusterID:3053	1	0
ClusterID:3054	2	1
ClusterID:3055	1	0
ClusterID:3056	5	4
ClusterID:3057	19	53
ClusterID:3058	3	2
ClusterID:3059	10	26
ClusterID:3060	9	19
ClusterID:3061	1	0
ClusterID:3062	4	4
ClusterID:3063	7	10
ClusterID:3064	3	2
ClusterID:3065	1	0
ClusterID:3066	2	1
ClusterID:3067	2	1
ClusterID:3068	2	1
ClusterID:3069	1	0
ClusterID:3070	3	2
ClusterID:3071	3	2
ClusterID:3072	18	32
ClusterID:3073	1	0
ClusterID:3074	20	68
ClusterID:3075	3	3
ClusterID:3076	3	2
ClusterID:3077	2	1
ClusterID:3078	1	0
ClusterID:3079	10	17
ClusterID:3080	12	36
ClusterID:3081	1	0
ClusterID:3082	3	2
ClusterID:3083	1	0
ClusterID:3084	2	1
ClusterID:3085	2	1
ClusterID:3086	9	21
ClusterID:3087	1	0
ClusterID:3088	8	18
ClusterID:3089	3	2
ClusterID:3090	1	0
ClusterID:3091	1	0
ClusterID:3092	2	1
ClusterID:3093	2	1
ClusterID:3094	1	0
ClusterID:3095	3	2
ClusterID:3096	2	1
ClusterID:3097	8	21
ClusterID:3098	1	0
ClusterID:3099	1	0
ClusterID:3100	10	33
ClusterID:3101	1	0
ClusterID:3102	1	0
ClusterID:3103	3	3
ClusterID:3104	21	120
ClusterID:3105	2	1
ClusterID:3106	1	0
ClusterID:3107	2	1
ClusterID:3108	3	2
ClusterID:3109	2	1
ClusterID:3110	4	4
ClusterID:3111	3	2
ClusterID:3112	3	2
ClusterID:3113	4	3
ClusterID:3114	8	23
ClusterID:3115	2	1
ClusterID:3116	3	2
ClusterID:3117	1	0
ClusterID:3118	2	1
ClusterID:3119	1	0
ClusterID:3120	3	3
ClusterID:3121	4	3
ClusterID:3122	1	0
ClusterID:3123	4	3
ClusterID:3124	3	2
ClusterID:3125	14	65
ClusterID:3126	4	4
ClusterID:3127	10	12
ClusterID:3128	2	1
ClusterID:3129	2	1
ClusterID:3130	2	1
ClusterID:3131	11	24
ClusterID:3132	2	1
ClusterID:3133	6	6
ClusterID:3134	2	1
ClusterID:3135	1	0
ClusterID:3136	5	4
ClusterID:3137	1	0
ClusterID:3138	3	2
ClusterID:3139	4	4
ClusterID:3140	3	2
ClusterID:3141	2	1
ClusterID:3142	1	0
ClusterID:3143	2	1
ClusterID:3144	2	1
ClusterID:3145	3	3
ClusterID:3146	3	2
ClusterID:3147	2	1
ClusterID:3148	2	1
ClusterID:3149	2	1
ClusterID:3150	3	2
ClusterID:3151	7	16
ClusterID:3152	1	0
ClusterID:3153	2	1
ClusterID:3154	2	1
ClusterID:3155	7	13
ClusterID:3156	3	2
ClusterID:3157	5	9
ClusterID:3158	2	1
ClusterID:3159	2	1
ClusterID:3160	3	2
ClusterID:3161	2	1
ClusterID:3162	6	13
ClusterID:3163	3	2
ClusterID:3164	1	0
ClusterID:3165	9	13
ClusterID:3166	1	0
ClusterID:3167	7	6
ClusterID:3168	1	0
ClusterID:3169	5	7
ClusterID:3170	2	1
ClusterID:3171	2	1
ClusterID:3172	2	1
ClusterID:3173	5	5
ClusterID:3174	2	1
ClusterID:3175	1	0
ClusterID:3176	3	2
ClusterID:3177	3	3
ClusterID:3178	2	1
ClusterID:3179	2	1
ClusterID:3180	1	0
ClusterID:3181	1	0
ClusterID:3182	2	1
ClusterID:3183	2	1
ClusterID:3184	2	1
ClusterID:3185	3	2
ClusterID:3186	1	0
ClusterID:3187	6	9
ClusterID:3188	3	2
ClusterID:3189	2	1
ClusterID:3190	15	26
ClusterID:3191	9	24
ClusterID:3192	2	1
ClusterID:3193	1	0
ClusterID:3194	1	0
ClusterID:3195	1	0
ClusterID:3196	4	3
ClusterID:3197	1	0
ClusterID:3198	2	1
ClusterID:3199	3	2
ClusterID:3200	3	3
ClusterID:3201	11	25
ClusterID:3202	2	1
ClusterID:3203	2	1
ClusterID:3204	2	1
ClusterID:3205	13	70
ClusterID:3206	2	1
ClusterID:3207	2	1
ClusterID:3208	1	0
ClusterID:3209	20	75
ClusterID:3210	3	2
ClusterID:3211	2	1
ClusterID:3212	1	0
ClusterID:3213	2	1
ClusterID:3214	3	3
ClusterID:3215	2	1
ClusterID:3216	2	1
ClusterID:3217	2	1
ClusterID:3218	5	5
ClusterID:3219	2	1
ClusterID:3220	2	1
ClusterID:3221	2	1
ClusterID:3222	1	0
ClusterID:3223	3	2
ClusterID:3224	2	1
ClusterID:3225	1	0
ClusterID:3226	4	3
ClusterID:3227	1	0
ClusterID:3228	1	0
ClusterID:3229	5	5
ClusterID:3230	7	9
ClusterID:3231	2	1
ClusterID:3232	2	1
ClusterID:3233	6	7
ClusterID:3234	4	4
ClusterID:3235	2	1
ClusterID:3236	2	1
ClusterID:3237	2	1
ClusterID:3238	2	1
ClusterID:3239	1	0
ClusterID:3240	1	0
ClusterID:3241	1	0
ClusterID:3242	1	0
ClusterID:3243	1	0
ClusterID:3244	10	33
ClusterID:3245	2	1
ClusterID:3246	1	0
ClusterID:3247	2	1
ClusterID:3248	2	1
ClusterID:3249	1	0
ClusterID:3250	1	0
ClusterID:3251	2	1
ClusterID:3252	2	1
ClusterID:3253	2	1
ClusterID:3254	2	1
ClusterID:3255	1	0
ClusterID:3256	3	2
ClusterID:3257	3	2
ClusterID:3258	2	1
ClusterID:3259	6	14
ClusterID:3260	2	1
ClusterID:3261	3	2
ClusterID:3262	2	1
ClusterID:3263	1	0
ClusterID:3264	1	0
ClusterID:3265	13	37
ClusterID:3266	1	0
ClusterID:3267	4	3
ClusterID:3268	2	1
ClusterID:3269	2	1
ClusterID:3270	5	10
ClusterID:3271	2	1
ClusterID:3272	5	4
ClusterID:3273	3	2
ClusterID:3274	2	1
ClusterID:3275	9	19
ClusterID:3276	2	1
ClusterID:3277	2	1
ClusterID:3278	2	1
ClusterID:3279	2	1
ClusterID:3280	2	1
ClusterID:3281	1	0
ClusterID:3282	8	17
ClusterID:3283	6	9
ClusterID:3284	1	0
ClusterID:3285	2	1
ClusterID:3286	15	27
ClusterID:3287	7	6
ClusterID:3288	4	3
ClusterID:3289	2	1
ClusterID:3290	2	1
ClusterID:3291	2	1
ClusterID:3292	3	2
ClusterID:3293	5	4
ClusterID:3294	4	4
ClusterID:3295	2	1
ClusterID:3296	2	1
ClusterID:3297	7	11
ClusterID:3298	6	6
ClusterID:3299	2	1
ClusterID:3300	2	1
ClusterID:3301	3	2
ClusterID:3302	4	3
ClusterID:3303	2	1
ClusterID:3304	7	6
ClusterID:3305	4	4
ClusterID:3306	3	2
ClusterID:3307	3	2
ClusterID:3308	2	1
ClusterID:3309	1	0
ClusterID:3310	1	0
ClusterID:3311	5	4
ClusterID:3312	1	0
ClusterID:3313	2	1
ClusterID:3314	4	4
ClusterID:3315	1	0
ClusterID:3316	3	3
ClusterID:3317	4	3
ClusterID:3318	1	0
ClusterID:3319	2	1
ClusterID:3320	2	1
ClusterID:3321	2	1
ClusterID:3322	2	1
ClusterID:3323	5	4
ClusterID:3324	6	6
ClusterID:3325	5	7
ClusterID:3326	1	0
ClusterID:3327	1	0
ClusterID:3328	2	1
ClusterID:3329	3	2
ClusterID:3330	6	5
ClusterID:3331	10	15
ClusterID:3332	8	10
ClusterID:3333	13	19
ClusterID:3334	2	1
ClusterID:3335	9	9
ClusterID:3336	4	4
ClusterID:3337	7	18
ClusterID:3338	3	2
ClusterID:3339	2	1
ClusterID:3340	2	1
ClusterID:3341	2	1
ClusterID:3342	3	2
ClusterID:3343	1	0
ClusterID:3344	2	1
ClusterID:3345	2	1
ClusterID:3346	3	2
ClusterID:3347	2	1
ClusterID:3348	2	1
ClusterID:3349	4	5
ClusterID:3350	1	0
ClusterID:3351	1	0
ClusterID:3352	2	1
ClusterID:3353	2	1
ClusterID:3354	4	3
ClusterID:3355	5	4
ClusterID:3356	2	1
ClusterID:3357	1	0
ClusterID:3358	3	2
ClusterID:3359	2	1
ClusterID:3360	2	1
ClusterID:3361	2	1
ClusterID:3362	8	16
ClusterID:3363	2	1
ClusterID:3364	3	2
ClusterID:3365	3	2
ClusterID:3366	4	4
ClusterID:3367	2	1
ClusterID:3368	9	21
ClusterID:3369	2	1
ClusterID:3370	1	0
ClusterID:3371	3	2
ClusterID:3372	4	3
ClusterID:3373	2	1
ClusterID:3374	2	1
ClusterID:3375	1	0
ClusterID:3376	4	3
ClusterID:3377	1	0
ClusterID:3378	3	3
ClusterID:3379	2	1
ClusterID:3380	1	0
ClusterID:3381	2	1
ClusterID:3382	2	1
ClusterID:3383	15	22
ClusterID:3384	3	2
ClusterID:3385	2	1
ClusterID:3386	3	2
ClusterID:3387	1	0
ClusterID:3388	2	1
ClusterID:3389	1	0
ClusterID:3390	2	1
ClusterID:3391	3	3
ClusterID:3392	2	1
ClusterID:3393	6	6
ClusterID:3394	1	0
ClusterID:3395	2	1
ClusterID:3396	2	1
ClusterID:3397	2	1
ClusterID:3398	1	0
ClusterID:3399	2	1
ClusterID:3400	1	0
ClusterID:3401	2	1
ClusterID:3402	1	0
ClusterID:3403	2	1
ClusterID:3404	2	1
ClusterID:3405	1	0
ClusterID:3406	2	1
ClusterID:3407	5	5
ClusterID:3408	2	1
ClusterID:3409	1	0
ClusterID:3410	2	1
ClusterID:3411	1	0
ClusterID:3412	2	1
ClusterID:3413	4	3
ClusterID:3414	6	10
ClusterID:3415	2	1
ClusterID:3416	4	3
ClusterID:3417	1	0
ClusterID:3418	4	4
ClusterID:3419	1	0
ClusterID:3420	2	1
ClusterID:3421	2	1
ClusterID:3422	8	7
ClusterID:3423	3	2
ClusterID:3424	2	1
ClusterID:3425	2	1
ClusterID:3426	2	1
ClusterID:3427	6	7
ClusterID:3428	3	2
ClusterID:3429	3	2
ClusterID:3430	2	1
ClusterID:3431	1	0
ClusterID:3432	2	1
ClusterID:3433	2	1
ClusterID:3434	2	1
ClusterID:3435	2	1
ClusterID:3436	6	9
ClusterID:3437	2	1
ClusterID:3438	1	0
ClusterID:3439	2	1
ClusterID:3440	1	0
ClusterID:3441	11	15
ClusterID:3442	2	1
ClusterID:3443	2	1
ClusterID:3444	1	0
ClusterID:3445	3	2
ClusterID:3446	2	1
ClusterID:3447	2	1
ClusterID:3448	2	1
ClusterID:3449	2	1
ClusterID:3450	1	0
ClusterID:3451	6	6
ClusterID:3452	5	5
ClusterID:3453	1	0
ClusterID:3454	2	1
ClusterID:3455	2	1
ClusterID:3456	2	1
ClusterID:3457	7	9
ClusterID:3458	2	1
ClusterID:3459	3	2
ClusterID:3460	2	1
ClusterID:3461	2	1
ClusterID:3462	2	1
ClusterID:3463	2	1
ClusterID:3464	2	1
ClusterID:3465	2	1
ClusterID:3466	2	1
ClusterID:3467	2	1
ClusterID:3468	3	2
ClusterID:3469	2	1
ClusterID:3470	2	1
ClusterID:3471	3	2
ClusterID:3472	2	1
ClusterID:3473	2	1
ClusterID:3474	4	3
ClusterID:3475	1	0
ClusterID:3476	2	1
ClusterID:3477	2	1
ClusterID:3478	2	1
ClusterID:3479	2	1
ClusterID:3480	4	4
ClusterID:3481	1	0
ClusterID:3482	2	1
ClusterID:3483	2	1
ClusterID:3484	3	2
ClusterID:3485	2	1
ClusterID:3486	3	3
ClusterID:3487	2	1
ClusterID:3488	1	0
ClusterID:3489	4	3
ClusterID:3490	2	1
ClusterID:3491	3	2
ClusterID:3492	6	8
ClusterID:3493	2	1
ClusterID:3494	2	1
ClusterID:3495	3	2
ClusterID:3496	4	3
ClusterID:3497	3	2
ClusterID:3498	3	2
ClusterID:3499	3	2
ClusterID:3500	3	2
ClusterID:3501	2	1
ClusterID:3502	2	1
ClusterID:3503	2	1
ClusterID:3504	2	1
ClusterID:3505	2	1
ClusterID:3506	3	2
ClusterID:3507	5	4
ClusterID:3508	6	6
ClusterID:3509	5	5
ClusterID:3510	2	1
ClusterID:3511	2	1
ClusterID:3512	9	18
ClusterID:3513	5	7
ClusterID:3514	2	1
ClusterID:3515	1	0
ClusterID:3516	4	3
ClusterID:3517	4	3
ClusterID:3518	1	0
ClusterID:3519	1	0
ClusterID:3520	3	2
ClusterID:3521	7	6
ClusterID:3522	2	1
ClusterID:3523	2	1
ClusterID:3524	2	1
ClusterID:3525	9	20
ClusterID:3526	4	3
ClusterID:3527	3	2
ClusterID:3528	3	2
ClusterID:3529	2	1
ClusterID:3530	2	1
ClusterID:3531	2	1
ClusterID:3532	2	1
ClusterID:3533	2	1
ClusterID:3534	5	4
ClusterID:3535	3	2
ClusterID:3536	2	1
ClusterID:3537	3	2
ClusterID:3538	2	1
ClusterID:3539	3	2
ClusterID:3540	2	1
ClusterID:3541	2	1
ClusterID:3542	2	1
ClusterID:3543	2	1
ClusterID:3544	1	0
ClusterID:3545	1	0
ClusterID:3546	3	2
ClusterID:3547	3	2
ClusterID:3548	4	3
ClusterID:3549	1	0
ClusterID:3550	2	1
ClusterID:3551	6	10
ClusterID:3552	7	6
ClusterID:3553	3	2
ClusterID:3554	2	1
ClusterID:3555	2	1
ClusterID:3556	2	1
ClusterID:3557	2	1
ClusterID:3558	2	1
ClusterID:3559	2	1
ClusterID:3560	2	1
ClusterID:3561	2	1
ClusterID:3562	2	1
ClusterID:3563	9	8
ClusterID:3564	2	1
ClusterID:3565	2	1
ClusterID:3566	3	2
ClusterID:3567	2	1
ClusterID:3568	2	1
ClusterID:3569	2	1
ClusterID:3570	7	17
ClusterID:3571	7	16
ClusterID:3572	3	2
ClusterID:3573	2	1
ClusterID:3574	2	1
ClusterID:3575	2	1
ClusterID:3576	4	3
ClusterID:3577	4	3
ClusterID:3578	4	3
ClusterID:3579	2	1
ClusterID:3580	3	2
ClusterID:3581	2	1
ClusterID:3582	3	2
ClusterID:3583	2	1
ClusterID:3584	3	2
ClusterID:3585	3	2
ClusterID:3586	2	1
ClusterID:3587	2	1
ClusterID:3588	2	1
ClusterID:3589	2	1
ClusterID:3590	2	1
ClusterID:3591	3	2
ClusterID:3592	2	1
ClusterID:3593	3	2
ClusterID:3594	2	1
ClusterID:3595	17	16
ClusterID:3596	2	1
ClusterID:3597	3	2
ClusterID:3598	2	1
ClusterID:3599	2	1
ClusterID:3600	2	1
ClusterID:3601	2	1
ClusterID:3602	2	1
ClusterID:3603	5	4
ClusterID:3604	4	4
ClusterID:3605	10	10
ClusterID:3606	2	1
ClusterID:3607	3	2
ClusterID:3608	6	5
ClusterID:3609	10	21
ClusterID:3610	8	7
ClusterID:3611	2	1
ClusterID:3612	3	2
ClusterID:3613	4	4
ClusterID:3614	2	1
ClusterID:3615	3	2
ClusterID:3616	3	2
ClusterID:3617	4	3
ClusterID:3618	4	4
ClusterID:3619	2	1
ClusterID:3620	3	2
ClusterID:3621	2	1
ClusterID:3622	2	1
ClusterID:3623	2	1
ClusterID:3624	2	1
ClusterID:3625	2	1
ClusterID:3626	2	1
ClusterID:3627	5	4
ClusterID:3628	2	1
ClusterID:3629	2	1
ClusterID:3630	3	2
ClusterID:3631	2	1
ClusterID:3632	10	9
ClusterID:3633	2	1
ClusterID:3634	8	8
ClusterID:3635	10	10
ClusterID:3636	1	0
ClusterID:3637	8	18
ClusterID:3638	2	1
ClusterID:3639	4	3
ClusterID:3640	2	1
ClusterID:3641	4	5
ClusterID:3642	4	3
ClusterID:3643	15	14
ClusterID:3644	2	1
ClusterID:3645	2	1
ClusterID:3646	6	10
