Unnamed: 0,Size,liver_PPI,num_matches,matches
ClusterID:1,3,2,0, NaN
ClusterID:2,1,0,0, NaN
ClusterID:3,1,0,0, NaN
ClusterID:4,1,0,0, NaN
ClusterID:5,1,0,0, NaN
ClusterID:6,1,0,0, NaN
ClusterID:7,1,0,0, NaN
ClusterID:8,1,0,0, NaN
ClusterID:9,26,135,1, ['CMIP']
ClusterID:10,2,1,0, NaN
ClusterID:11,2,1,0, NaN
ClusterID:12,3,2,0, NaN
ClusterID:13,1,0,0, NaN
ClusterID:14,1,0,0, NaN
ClusterID:15,59,913,0, NaN
ClusterID:16,2,1,0, NaN
ClusterID:17,1,0,0, NaN
ClusterID:18,2,1,1, ['NAP1L1']
ClusterID:19,33,140,0, NaN
ClusterID:20,129,1741,6," ['CYP2A6', 'XDH', 'DHODH', 'GLYAT', 'FETUB', 'GSTA1']"
ClusterID:21,1,0,0, NaN
ClusterID:22,41,464,2," ['HEATR6', 'PIP4K2B']"
ClusterID:23,1,0,0, NaN
ClusterID:24,7,9,0, NaN
ClusterID:25,2,1,0, NaN
ClusterID:26,42,295,4," ['AAAS', 'UXS1', 'TNPO2', 'TPR']"
ClusterID:27,50,917,0, NaN
ClusterID:28,2,1,0, NaN
ClusterID:29,5,7,0, NaN
ClusterID:30,1,0,0, NaN
ClusterID:31,3,2,0, NaN
ClusterID:32,17,85,0, NaN
ClusterID:33,4,3,0, NaN
ClusterID:34,16,48,0, NaN
ClusterID:35,3,2,0, NaN
ClusterID:36,3,3,0, NaN
ClusterID:37,8,20,0, NaN
ClusterID:38,1,0,0, NaN
ClusterID:39,4,6,0, NaN
ClusterID:40,47,254,0, NaN
ClusterID:41,2,1,0, NaN
ClusterID:42,64,1461,1, ['LSM11']
ClusterID:43,39,281,3," ['EXOSC10', 'EXOSC7', 'MAP7']"
ClusterID:44,38,285,1, ['ACTR8']
ClusterID:45,2,1,1, ['OCIAD2']
ClusterID:46,6,6,1, ['ASPG']
ClusterID:47,3,2,0, NaN
ClusterID:48,2,1,0, NaN
ClusterID:49,19,117,0, NaN
ClusterID:50,108,1623,4," ['BTN2A1', 'OAF', 'BTN2A2', 'AZGP1']"
ClusterID:51,1,0,0, NaN
ClusterID:52,2,1,0, NaN
ClusterID:53,14,47,1, ['MARCKS']
ClusterID:54,3,2,0, NaN
ClusterID:55,2,1,0, NaN
ClusterID:56,14,31,0, NaN
ClusterID:57,82,2041,1, ['RBMX2']
ClusterID:58,9,19,0, NaN
ClusterID:59,16,39,1, ['NPEPPS']
ClusterID:60,1,0,0, NaN
ClusterID:61,19,67,0, NaN
ClusterID:62,21,71,2," ['GDA', 'EXOC4']"
ClusterID:63,53,243,1, ['ZBTB34']
ClusterID:64,1,0,0, NaN
ClusterID:65,1,0,0, NaN
ClusterID:66,50,462,0, NaN
ClusterID:67,5,7,1, ['CFHR4']
ClusterID:68,38,481,1, ['LARP1']
ClusterID:69,4,3,1, ['LPIN2']
ClusterID:70,5,4,0, NaN
ClusterID:71,3,3,0, NaN
ClusterID:72,10,25,1, ['GFRA1']
ClusterID:73,56,855,2," ['ASAP2', 'ARHGEF26']"
ClusterID:74,22,197,2," ['CASC3', 'CIR1']"
ClusterID:75,1,0,0, NaN
ClusterID:76,35,280,4," ['DPF2', 'DPF3', 'TDO2', 'ARID2']"
ClusterID:77,36,268,0, NaN
ClusterID:78,12,22,0, NaN
ClusterID:79,1,0,0, NaN
ClusterID:80,16,17,2," ['SDS', 'SDSL']"
ClusterID:81,19,104,0, NaN
ClusterID:82,22,59,0, NaN
ClusterID:83,18,118,0, NaN
ClusterID:84,9,28,0, NaN
ClusterID:85,3,2,0, NaN
ClusterID:86,3,2,0, NaN
ClusterID:87,9,9,1, ['LDHD']
ClusterID:88,49,786,2," ['MAP3K4', 'TAOK2']"
ClusterID:89,29,109,0, NaN
ClusterID:90,3,2,0, NaN
ClusterID:91,27,74,2," ['GNPDA1', 'GNE']"
ClusterID:92,17,48,5," ['ACO1', 'OGDHL', 'BCKDHB', 'CS', 'DHTKD1']"
ClusterID:93,2,1,0, NaN
ClusterID:94,2,1,0, NaN
ClusterID:95,6,9,0, NaN
ClusterID:96,7,6,0, NaN
ClusterID:97,18,27,0, NaN
ClusterID:98,3,2,0, NaN
ClusterID:99,17,52,0, NaN
ClusterID:100,2,1,0, NaN
ClusterID:101,3,2,1, ['PIGR']
ClusterID:102,53,756,1, ['PPARGC1A']
ClusterID:103,79,880,1, ['MTERF4']
ClusterID:104,4,3,0, NaN
ClusterID:105,15,88,1, ['IPO9']
ClusterID:106,68,672,2," ['ANKRD27', 'WDFY1']"
ClusterID:107,28,102,0, NaN
ClusterID:108,2,1,0, NaN
ClusterID:109,2,1,0, NaN
ClusterID:110,16,41,2," ['PWWP2A', 'RBBP7']"
ClusterID:111,3,2,0, NaN
ClusterID:112,22,100,0, NaN
ClusterID:113,54,476,1, ['RNMT']
ClusterID:114,3,2,0, NaN
ClusterID:115,2,1,0, NaN
ClusterID:116,4,3,0, NaN
ClusterID:117,5,4,0, NaN
ClusterID:118,13,61,0, NaN
ClusterID:119,3,2,0, NaN
ClusterID:120,1,0,0, NaN
ClusterID:121,45,448,0, NaN
ClusterID:122,10,13,0, NaN
ClusterID:123,5,6,0, NaN
ClusterID:124,3,2,0, NaN
ClusterID:125,18,53,1, ['SOCS2']
ClusterID:126,22,72,1, ['PVALB']
ClusterID:127,42,256,5," ['JARID2', 'CTCF', 'NSD3', 'JADE2', 'PHF20']"
ClusterID:128,1,0,0, NaN
ClusterID:129,2,1,1, ['CSNK2A2']
ClusterID:130,26,54,0, NaN
ClusterID:131,28,252,0, NaN
ClusterID:132,54,120,2," ['ZSCAN26', 'RCOR3']"
ClusterID:133,42,344,0, NaN
ClusterID:134,8,15,0, NaN
ClusterID:135,12,20,0, NaN
ClusterID:136,3,2,0, NaN
ClusterID:137,24,103,1, ['INTS9']
ClusterID:138,6,5,0, NaN
ClusterID:139,11,16,0, NaN
ClusterID:140,5,5,0, NaN
ClusterID:141,131,3054,24," ['SERPINC1', 'FGA', 'MARCO', 'HABP2', 'CP', 'CFI', 'FGG', 'C1S', 'TMPRSS2', 'MASP1', 'HPX', 'KNG1', 'C4BPB', 'HRG', 'C8A', 'C8B', 'KLKB1', 'PLG', 'C8G', 'CFHR5', 'HP', 'C4BPA', 'C1R', 'F9']"
ClusterID:142,3,2,0, NaN
ClusterID:143,10,25,0, NaN
ClusterID:144,2,1,0, NaN
ClusterID:145,2,1,0, NaN
ClusterID:146,5,8,1, ['RNASE4']
ClusterID:147,38,250,0, NaN
ClusterID:148,14,51,0, NaN
ClusterID:149,3,2,0, NaN
ClusterID:150,22,76,0, NaN
ClusterID:151,6,11,1, ['PXMP2']
ClusterID:152,15,14,0, NaN
ClusterID:153,5,10,0, NaN
ClusterID:154,13,54,0, NaN
ClusterID:155,14,47,0, NaN
ClusterID:156,17,46,3," ['ENO3', 'FBP1', 'ALDOB']"
ClusterID:157,2,1,0, NaN
ClusterID:158,73,636,2," ['ADCY6', 'GDE1']"
ClusterID:159,4,6,1, ['SSB']
ClusterID:160,2,1,0, NaN
ClusterID:161,49,523,0, NaN
ClusterID:162,70,203,5," ['SLC7A2', 'ITIH4', 'SLC7A6', 'SLC1A1', 'SLC46A3']"
ClusterID:163,3,2,0, NaN
ClusterID:164,84,1162,2," ['ZFHX3', 'PBX2']"
ClusterID:165,6,6,0, NaN
ClusterID:166,34,464,2," ['TBC1D20', 'TBCK']"
ClusterID:167,5,5,0, NaN
ClusterID:168,3,2,0, NaN
ClusterID:169,6,9,0, NaN
ClusterID:170,2,1,0, NaN
ClusterID:171,5,6,0, NaN
ClusterID:172,3,2,0, NaN
ClusterID:173,13,41,1, ['TP53BP1']
ClusterID:174,3,2,0, NaN
ClusterID:175,31,148,3," ['ATP6V1C1', 'NNT', 'CCDC115']"
ClusterID:176,123,932,7," ['ZKSCAN4', 'ZFP90', 'ZNF189', 'ZNF14', 'ZFP14', 'ZNF174', 'ZNF419']"
ClusterID:177,2,1,1, ['HAAO']
ClusterID:178,2,1,0, NaN
ClusterID:179,7,15,0, NaN
ClusterID:180,34,126,1, ['CHD8']
ClusterID:181,2,1,0, NaN
ClusterID:182,16,44,0, NaN
ClusterID:183,4,3,1, ['PPP1R1A']
ClusterID:184,2,1,0, NaN
ClusterID:185,53,556,2," ['COPS7B', 'IP6K1']"
ClusterID:186,4,3,1, ['MPC1']
ClusterID:187,3,2,0, NaN
ClusterID:188,1,0,0, NaN
ClusterID:189,2,1,0, NaN
ClusterID:190,2,1,0, NaN
ClusterID:191,6,6,0, NaN
ClusterID:192,6,8,0, NaN
ClusterID:193,51,687,1, ['EIF2B1']
ClusterID:194,21,51,0, NaN
ClusterID:195,100,1204,3," ['SLC9A6', 'GNAO1', 'NDRG3']"
ClusterID:196,3,3,1, ['SOX13']
ClusterID:197,34,164,1, ['LDB1']
ClusterID:198,23,72,1, ['RFX7']
ClusterID:199,2,1,0, NaN
ClusterID:200,4,3,0, NaN
ClusterID:201,116,1703,4," ['PAQR7', 'SDHB', 'SDHD', 'ETFDH']"
ClusterID:202,1,0,0, NaN
ClusterID:203,17,27,0, NaN
ClusterID:204,4,3,0, NaN
ClusterID:205,43,486,4," ['SLC51A', 'ATXN2', 'ATXN1L', 'GPATCH8']"
ClusterID:206,13,26,1, ['ATP6AP1']
ClusterID:207,2,1,0, NaN
ClusterID:208,129,1225,2," ['TMEM98', 'ADRA1A']"
ClusterID:209,3,2,0, NaN
ClusterID:210,21,58,0, NaN
ClusterID:211,7,10,0, NaN
ClusterID:212,9,13,1, ['FXR1']
ClusterID:213,26,74,1, ['GPR107']
ClusterID:214,4,4,0, NaN
ClusterID:215,6,5,0, NaN
ClusterID:216,2,1,0, NaN
ClusterID:217,3,2,1, ['C12orf65']
ClusterID:218,30,174,1, ['CDC23']
ClusterID:219,2,1,0, NaN
ClusterID:220,6,14,0, NaN
ClusterID:221,30,140,0, NaN
ClusterID:222,4,3,0, NaN
ClusterID:223,3,2,0, NaN
ClusterID:224,6,12,0, NaN
ClusterID:225,1,0,0, NaN
ClusterID:226,4,4,0, NaN
ClusterID:227,2,1,0, NaN
ClusterID:228,14,25,1, ['ADNP']
ClusterID:229,2,1,0, NaN
ClusterID:230,18,30,0, NaN
ClusterID:231,2,1,0, NaN
ClusterID:232,12,17,0, NaN
ClusterID:233,4,3,1, ['CREB3L2']
ClusterID:234,13,44,0, NaN
ClusterID:235,40,408,1, ['SUPT20H']
ClusterID:236,6,7,0, NaN
ClusterID:237,50,582,4," ['HSD11B1', 'RDH16', 'DECR1', 'HSD17B6']"
ClusterID:238,39,205,0, NaN
ClusterID:239,9,11,0, NaN
ClusterID:240,11,24,0, NaN
ClusterID:241,4,3,0, NaN
ClusterID:242,58,897,0, NaN
ClusterID:243,7,11,0, NaN
ClusterID:244,19,72,1, ['WIPF2']
ClusterID:245,5,4,0, NaN
ClusterID:246,8,10,1, ['MTF2']
ClusterID:247,2,1,0, NaN
ClusterID:248,28,51,1, ['SLC31A1']
ClusterID:249,17,57,0, NaN
ClusterID:250,14,53,0, NaN
ClusterID:251,2,1,0, NaN
ClusterID:252,4,3,0, NaN
ClusterID:253,21,117,0, NaN
ClusterID:254,44,434,0, NaN
ClusterID:255,9,14,0, NaN
ClusterID:256,4,3,0, NaN
ClusterID:257,24,194,1, ['VPS35']
ClusterID:258,9,12,0, NaN
ClusterID:259,11,18,0, NaN
ClusterID:260,19,40,1, ['PGLYRP2']
ClusterID:261,14,36,0, NaN
ClusterID:262,4,3,0, NaN
ClusterID:263,4,4,0, NaN
ClusterID:264,42,256,1, ['HARS2']
ClusterID:265,31,89,2," ['DNAJC13', 'EDRF1']"
ClusterID:266,4,3,0, NaN
ClusterID:267,10,25,1, ['DVL2']
ClusterID:268,9,29,0, NaN
ClusterID:269,6,5,0, NaN
ClusterID:270,81,787,4," ['DLG3', 'GLS2', 'GPAT3', 'SNX27']"
ClusterID:271,10,9,1, ['SLC37A4']
ClusterID:272,5,4,0, NaN
ClusterID:273,4,5,0, NaN
ClusterID:274,23,131,1, ['PIK3C2G']
ClusterID:275,2,1,0, NaN
ClusterID:276,6,5,0, NaN
ClusterID:277,28,158,1, ['GHR']
ClusterID:278,5,7,0, NaN
ClusterID:279,3,3,0, NaN
ClusterID:280,3,2,0, NaN
ClusterID:281,17,82,0, NaN
ClusterID:282,4,4,0, NaN
ClusterID:283,7,10,0, NaN
ClusterID:284,17,93,0, NaN
ClusterID:285,1,0,0, NaN
ClusterID:286,39,213,2," ['RNF214', 'TP53RK']"
ClusterID:287,11,13,0, NaN
ClusterID:288,47,451,1, ['NEK9']
ClusterID:289,8,12,0, NaN
ClusterID:290,3,3,0, NaN
ClusterID:291,2,1,0, NaN
ClusterID:292,34,162,0, NaN
ClusterID:293,115,566,13," ['GOT1', 'ADH1C', 'ALDH6A1', 'ALDH8A1', 'ASS1', 'CLYBL', 'AKR1D1', 'ABAT', 'ETNPPL', 'ALDH2', 'AKR7A3', 'SLC26A2', 'ADH4']"
ClusterID:294,4,4,0, NaN
ClusterID:295,39,234,1, ['CLUAP1']
ClusterID:296,5,4,0, NaN
ClusterID:297,110,1900,2," ['ZNF512', 'VPS39']"
ClusterID:298,5,4,1, ['NACA']
ClusterID:299,12,24,0, NaN
ClusterID:300,2,1,0, NaN
ClusterID:301,17,23,0, NaN
ClusterID:302,22,122,0, NaN
ClusterID:303,11,33,1, ['BTRC']
ClusterID:304,8,11,0, NaN
ClusterID:305,3,2,0, NaN
ClusterID:306,12,17,2," ['ZNF740', 'UBN1']"
ClusterID:307,3,2,0, NaN
ClusterID:308,6,11,0, NaN
ClusterID:309,9,11,1, ['MAGEE1']
ClusterID:310,9,16,0, NaN
ClusterID:311,4,5,1, ['PCCB']
ClusterID:312,93,1410,7," ['RNF38', 'RNF8', 'RNF165', 'HACE1', 'UBE2R2', 'UBE2Q2', 'WDSUB1']"
ClusterID:313,3,2,0, NaN
ClusterID:314,1,0,1, ['RASA1']
ClusterID:315,13,30,0, NaN
ClusterID:316,8,8,0, NaN
ClusterID:317,3,2,0, NaN
ClusterID:318,3,3,0, NaN
ClusterID:319,9,20,0, NaN
ClusterID:320,14,43,1, ['ABCC5']
ClusterID:321,5,4,0, NaN
ClusterID:322,34,70,7," ['AMDHD1', 'TTC36', 'HAL', 'UROC1', 'HPD', 'GCH1', 'ARG1']"
ClusterID:323,15,45,1, ['ROCK2']
ClusterID:324,10,28,0, NaN
ClusterID:325,9,9,1, ['PLEKHA8']
ClusterID:326,41,108,3," ['UGP2', 'MAT1A', 'CMBL']"
ClusterID:327,26,66,1, ['DIP2A']
ClusterID:328,35,139,0, NaN
ClusterID:329,20,73,3," ['POLDIP3', 'IGF2BP2', 'OIT3']"
ClusterID:330,3,2,1, ['MKRN1']
ClusterID:331,10,22,0, NaN
ClusterID:332,5,7,0, NaN
ClusterID:333,57,507,2," ['SLC25A47', 'ZBTB40']"
ClusterID:334,12,48,1, ['RALA']
ClusterID:335,4,3,0, NaN
ClusterID:336,29,146,0, NaN
ClusterID:337,2,1,0, NaN
ClusterID:338,48,799,1, ['KSR1']
ClusterID:339,66,707,3," ['PTPRG', 'DUSP12', 'DUSP22']"
ClusterID:340,2,1,0, NaN
ClusterID:341,21,69,1, ['MAGED2']
ClusterID:342,59,211,2," ['MBTPS1', 'ORMDL1']"
ClusterID:343,101,1928,2," ['TMEM176B', 'CD14']"
ClusterID:344,4,4,0, NaN
ClusterID:345,3,2,0, NaN
ClusterID:346,4,3,0, NaN
ClusterID:347,4,3,1, ['SLC38A4']
ClusterID:348,4,3,0, NaN
ClusterID:349,3,2,0, NaN
ClusterID:350,42,455,3," ['NRBP1', 'PRKD3', 'TRIB2']"
ClusterID:351,11,14,1, ['SOD1']
ClusterID:352,1,0,0, NaN
ClusterID:353,2,1,0, NaN
ClusterID:354,7,12,0, NaN
ClusterID:355,38,292,3," ['ITGA6', 'ITGAE', 'TSPAN3']"
ClusterID:356,12,18,0, NaN
ClusterID:357,5,7,0, NaN
ClusterID:358,9,9,0, NaN
ClusterID:359,1,0,0, NaN
ClusterID:360,4,4,0, NaN
ClusterID:361,93,966,6," ['SEC24C', 'COG2', 'VPS16', 'EXOC7', 'NAPB', 'STX6']"
ClusterID:362,11,33,0, NaN
ClusterID:363,10,25,0, NaN
ClusterID:364,13,52,0, NaN
ClusterID:365,76,344,4," ['SPRYD4', 'ADCK2', 'LYRM4', 'HOGA1']"
ClusterID:366,31,154,1, ['KDM2B']
ClusterID:367,4,3,0, NaN
ClusterID:368,4,5,0, NaN
ClusterID:369,42,204,0, NaN
ClusterID:370,5,9,0, NaN
ClusterID:371,37,185,0, NaN
ClusterID:372,2,1,0, NaN
ClusterID:373,2,1,0, NaN
ClusterID:374,7,9,0, NaN
ClusterID:375,49,669,4," ['BCAS3', 'CNOT8', 'SAP130', 'CNOT6']"
ClusterID:376,18,102,0, NaN
ClusterID:377,2,1,0, NaN
ClusterID:378,2,1,0, NaN
ClusterID:379,6,10,0, NaN
ClusterID:380,2,1,0, NaN
ClusterID:381,3,2,0, NaN
ClusterID:382,57,611,0, NaN
ClusterID:383,2,1,0, NaN
ClusterID:384,16,51,2," ['FAM149A', 'CFHR3']"
ClusterID:385,4,3,0, NaN
ClusterID:386,7,7,0, NaN
ClusterID:387,10,14,0, NaN
ClusterID:388,3,3,0, NaN
ClusterID:389,70,550,3," ['GNPTAB', 'ADK', 'TPMT']"
ClusterID:390,5,5,0, NaN
ClusterID:391,4,4,0, NaN
ClusterID:392,6,6,0, NaN
ClusterID:393,4,3,0, NaN
ClusterID:394,48,385,1, ['APBA1']
ClusterID:395,12,20,0, NaN
ClusterID:396,5,4,0, NaN
ClusterID:397,8,8,0, NaN
ClusterID:398,2,1,0, NaN
ClusterID:399,23,150,0, NaN
ClusterID:400,18,100,0, NaN
ClusterID:401,8,8,1, ['TFCP2']
ClusterID:402,4,3,0, NaN
ClusterID:403,5,4,0, NaN
ClusterID:404,25,66,2," ['VIPAS39', 'SLC41A3']"
ClusterID:405,15,26,1, ['ANXA10']
ClusterID:406,47,246,1, ['STT3B']
ClusterID:407,7,14,0, NaN
ClusterID:408,2,1,0, NaN
ClusterID:409,53,602,8," ['SLC22A1', 'FCN2', 'MBL2', 'C9', 'CLEC4G', 'STAB2', 'CLEC1B', 'FCN3']"
ClusterID:410,5,4,0, NaN
ClusterID:411,1,0,0, NaN
ClusterID:412,6,8,0, NaN
ClusterID:413,7,7,0, NaN
ClusterID:414,4,3,0, NaN
ClusterID:415,18,38,0, NaN
ClusterID:416,34,74,0, NaN
ClusterID:417,2,1,0, NaN
ClusterID:418,9,14,0, NaN
ClusterID:419,5,8,0, NaN
ClusterID:420,18,31,0, NaN
ClusterID:421,18,52,0, NaN
ClusterID:422,79,173,0, NaN
ClusterID:423,29,60,2," ['MAP4K4', 'CA2']"
ClusterID:424,93,640,15," ['CYP1A2', 'PEMT', 'CYP4A11', 'RUNDC1', 'CYP2A13', 'CYP2C19', 'CYP4A22', 'CYP4F11', 'NAT2', 'CYP2C8', 'MGST1', 'CYP39A1', 'CYP2B6', 'CYB5A', 'ACSL1']"
ClusterID:425,2,1,1, ['SRC']
ClusterID:426,32,144,1, ['IK']
ClusterID:427,32,164,1, ['SLC25A36']
ClusterID:428,13,26,0, NaN
ClusterID:429,3,3,0, NaN
ClusterID:430,12,12,0, NaN
ClusterID:431,3,2,0, NaN
ClusterID:432,13,23,2," ['USP2', 'GLT1D1']"
ClusterID:433,11,25,0, NaN
ClusterID:434,4,4,0, NaN
ClusterID:435,71,139,5," ['RSRC2', 'SMIM14', 'SLC41A2', 'ADGRG7', 'CYB5B']"
ClusterID:436,39,259,2," ['TUBG2', 'TTC5']"
ClusterID:437,21,41,2," ['FAM219B', 'MSL1']"
ClusterID:438,123,353,1, ['PON3']
ClusterID:439,5,5,0, NaN
ClusterID:440,2,1,0, NaN
ClusterID:441,10,11,0, NaN
ClusterID:442,4,3,0, NaN
ClusterID:443,6,7,0, NaN
ClusterID:444,12,14,0, NaN
ClusterID:445,6,8,0, NaN
ClusterID:446,1,0,0, NaN
ClusterID:447,3,2,0, NaN
ClusterID:448,4,3,0, NaN
ClusterID:449,13,37,1, ['RBP4']
ClusterID:450,2,1,0, NaN
ClusterID:451,2,1,0, NaN
ClusterID:452,8,15,0, NaN
ClusterID:453,21,48,1, ['MT1E']
ClusterID:454,9,8,0, NaN
ClusterID:455,41,267,0, NaN
ClusterID:456,21,99,0, NaN
ClusterID:457,2,1,0, NaN
ClusterID:458,18,23,0, NaN
ClusterID:459,2,1,0, NaN
ClusterID:460,17,61,0, NaN
ClusterID:461,17,21,1, ['PXYLP1']
ClusterID:462,3,3,0, NaN
ClusterID:463,5,4,0, NaN
ClusterID:464,14,41,1, ['ISOC1']
ClusterID:465,8,7,0, NaN
ClusterID:466,2,1,0, NaN
ClusterID:467,3,3,0, NaN
ClusterID:468,3,2,0, NaN
ClusterID:469,7,9,1, ['LURAP1L']
ClusterID:470,3,2,1, ['MAPK13']
ClusterID:471,4,3,1, ['ZNF7']
ClusterID:472,2,1,0, NaN
ClusterID:473,25,42,0, NaN
ClusterID:474,8,13,0, NaN
ClusterID:475,4,3,0, NaN
ClusterID:476,12,40,0, NaN
ClusterID:477,3,2,0, NaN
ClusterID:478,2,1,0, NaN
ClusterID:479,20,48,4," ['UGT2B15', 'SRD5A2', 'SULT1A2', 'PAPSS2']"
ClusterID:480,2,1,0, NaN
ClusterID:481,2,1,0, NaN
ClusterID:482,3,2,0, NaN
ClusterID:483,11,14,0, NaN
ClusterID:484,10,10,0, NaN
ClusterID:485,2,1,0, NaN
ClusterID:486,6,9,0, NaN
ClusterID:487,2,1,0, NaN
ClusterID:488,13,15,2," ['HNRNPUL1', 'PCK2']"
ClusterID:489,7,7,0, NaN
ClusterID:490,4,4,0, NaN
ClusterID:491,36,278,0, NaN
ClusterID:492,6,7,0, NaN
ClusterID:493,42,174,6," ['MOGAT2', 'TTR', 'ALB', 'PON1', 'APOA1', 'APOF']"
ClusterID:494,4,3,0, NaN
ClusterID:495,3,2,0, NaN
ClusterID:496,32,203,0, NaN
ClusterID:497,2,1,0, NaN
ClusterID:498,27,84,3," ['HIF1AN', 'ANKRD52', 'ZCCHC4']"
ClusterID:499,17,61,0, NaN
ClusterID:500,18,74,0, NaN
ClusterID:501,31,217,2," ['CCDC93', 'VPS54']"
ClusterID:502,14,44,0, NaN
ClusterID:503,3,2,1, ['RUFY2']
ClusterID:504,34,92,0, NaN
ClusterID:505,57,890,2," ['KCND3', 'KCNK1']"
ClusterID:506,4,4,0, NaN
ClusterID:507,21,29,2," ['SLC10A1', 'TULP3']"
ClusterID:508,39,196,3," ['DCTN4', 'DYNC1I2', 'DYNLL1']"
ClusterID:509,6,7,0, NaN
ClusterID:510,13,22,0, NaN
ClusterID:511,11,23,0, NaN
ClusterID:512,2,1,0, NaN
ClusterID:513,11,18,0, NaN
ClusterID:514,2,1,0, NaN
ClusterID:515,13,23,0, NaN
ClusterID:516,50,392,3," ['IGBP1', 'ZNF550', 'STRIP1']"
ClusterID:517,52,442,3," ['AGO1', 'EIF4ENIF1', 'DROSHA']"
ClusterID:518,75,1072,0, NaN
ClusterID:519,1,0,0, NaN
ClusterID:520,17,48,2," ['SLC27A5', 'CIDEB']"
ClusterID:521,21,60,2," ['GC', 'FMNL2']"
ClusterID:522,2,1,0, NaN
ClusterID:523,2,1,0, NaN
ClusterID:524,13,25,0, NaN
ClusterID:525,9,22,1, ['CHD4']
ClusterID:526,43,335,2," ['AP2B1', 'AP3B1']"
ClusterID:527,3,2,0, NaN
ClusterID:528,25,119,1, ['COMMD7']
ClusterID:529,3,2,0, NaN
ClusterID:530,2,1,0, NaN
ClusterID:531,2,1,0, NaN
ClusterID:532,71,712,2," ['XRCC1', 'TDP1']"
ClusterID:533,11,25,0, NaN
ClusterID:534,24,87,1, ['THOC5']
ClusterID:535,4,3,0, NaN
ClusterID:536,2,1,0, NaN
ClusterID:537,2,1,0, NaN
ClusterID:538,5,6,0, NaN
ClusterID:539,4,3,0, NaN
ClusterID:540,70,1194,0, NaN
ClusterID:541,11,43,1, ['SLC4A1AP']
ClusterID:542,3,3,0, NaN
ClusterID:543,2,1,0, NaN
ClusterID:544,10,17,1, ['CRTAP']
ClusterID:545,4,3,0, NaN
ClusterID:546,60,162,4," ['ECHS1', 'CYP4V2', 'ACSM5', 'RARS2']"
ClusterID:547,3,3,0, NaN
ClusterID:548,12,15,0, NaN
ClusterID:549,3,2,0, NaN
ClusterID:550,64,583,2," ['KDM3B', 'WASHC2C']"
ClusterID:551,8,7,0, NaN
ClusterID:552,16,52,0, NaN
ClusterID:553,3,2,0, NaN
ClusterID:554,35,263,1, ['PMS1']
ClusterID:555,23,47,0, NaN
ClusterID:556,9,12,0, NaN
ClusterID:557,2,1,0, NaN
ClusterID:558,21,76,1, ['TRIM55']
ClusterID:559,2,1,0, NaN
ClusterID:560,3,2,0, NaN
ClusterID:561,16,34,0, NaN
ClusterID:562,2,1,0, NaN
ClusterID:563,3,2,0, NaN
ClusterID:564,26,134,0, NaN
ClusterID:565,9,8,0, NaN
ClusterID:566,7,7,0, NaN
ClusterID:567,4,4,0, NaN
ClusterID:568,14,19,0, NaN
ClusterID:569,20,45,4," ['DMGDH', 'SHMT1', 'AGXT', 'ALAS1']"
ClusterID:570,20,62,0, NaN
ClusterID:571,3,2,0, NaN
ClusterID:572,2,1,0, NaN
ClusterID:573,2,1,0, NaN
ClusterID:574,35,156,2," ['PLXNC1', 'DPYS']"
ClusterID:575,5,7,0, NaN
ClusterID:576,9,8,1, ['RIDA']
ClusterID:577,6,6,0, NaN
ClusterID:578,35,125,0, NaN
ClusterID:579,11,12,0, NaN
ClusterID:580,3,2,0, NaN
ClusterID:581,5,4,0, NaN
ClusterID:582,2,1,0, NaN
ClusterID:583,6,7,1, ['CDA']
ClusterID:584,5,4,0, NaN
ClusterID:585,9,10,0, NaN
ClusterID:586,25,26,1, ['TTC13']
ClusterID:587,2,1,0, NaN
ClusterID:588,11,19,0, NaN
ClusterID:589,4,3,0, NaN
ClusterID:590,7,7,0, NaN
ClusterID:591,23,31,1, ['FAM110C']
ClusterID:592,3,2,0, NaN
ClusterID:593,57,634,1, ['BMF']
ClusterID:594,16,47,1, ['SUCLG2']
ClusterID:595,7,7,0, NaN
ClusterID:596,2,1,0, NaN
ClusterID:597,115,4743,3," ['RABIF', 'RHOT1', 'RAB5B']"
ClusterID:598,5,4,0, NaN
ClusterID:599,3,2,0, NaN
ClusterID:600,1,0,0, NaN
ClusterID:601,2,1,0, NaN
ClusterID:602,2,1,0, NaN
ClusterID:603,3,2,0, NaN
ClusterID:604,4,4,0, NaN
ClusterID:605,2,1,0, NaN
ClusterID:606,17,18,0, NaN
ClusterID:607,2,1,0, NaN
ClusterID:608,2,1,0, NaN
ClusterID:609,2,1,0, NaN
ClusterID:610,2,1,0, NaN
ClusterID:611,2,1,0, NaN
ClusterID:612,2,1,0, NaN
ClusterID:613,2,1,0, NaN
ClusterID:614,2,1,0, NaN
ClusterID:615,14,19,0, NaN
ClusterID:616,3,2,0, NaN
ClusterID:617,3,2,0, NaN
ClusterID:618,2,1,0, NaN
ClusterID:619,104,1656,0, NaN
ClusterID:620,6,5,0, NaN
ClusterID:621,3,2,0, NaN
ClusterID:622,5,5,0, NaN
ClusterID:623,3,2,0, NaN
ClusterID:624,4,3,0, NaN
ClusterID:625,14,54,0, NaN
ClusterID:626,2,1,0, NaN
ClusterID:627,8,13,1, ['SELENOP']
ClusterID:628,53,818,1, ['MED23']
ClusterID:629,114,1350,3," ['TACC1', 'CEP68', 'CEP290']"
ClusterID:630,3,2,0, NaN
ClusterID:631,9,19,0, NaN
ClusterID:632,34,478,3," ['GSTZ1', 'PIK3C2B', 'CYP4F2']"
ClusterID:633,4,3,1, ['RGP1']
ClusterID:634,6,5,0, NaN
ClusterID:635,19,89,0, NaN
ClusterID:636,11,16,0, NaN
ClusterID:637,12,13,0, NaN
ClusterID:638,2,1,0, NaN
ClusterID:639,4,3,0, NaN
ClusterID:640,3,2,0, NaN
ClusterID:641,4,5,0, NaN
ClusterID:642,17,17,0, NaN
ClusterID:643,3,2,0, NaN
ClusterID:644,5,5,0, NaN
ClusterID:645,1,0,0, NaN
ClusterID:646,2,1,0, NaN
ClusterID:647,2,1,0, NaN
ClusterID:648,47,303,1, ['LEMD2']
ClusterID:649,2,1,0, NaN
ClusterID:650,7,7,0, NaN
ClusterID:651,4,3,0, NaN
ClusterID:652,21,164,1, ['PBXIP1']
ClusterID:653,3,2,0, NaN
ClusterID:654,42,404,0, NaN
ClusterID:655,3,2,0, NaN
ClusterID:656,4,4,0, NaN
ClusterID:657,2,1,0, NaN
ClusterID:658,22,45,0, NaN
ClusterID:659,4,3,0, NaN
ClusterID:660,26,107,0, NaN
ClusterID:661,2,1,0, NaN
ClusterID:662,4,3,0, NaN
ClusterID:663,4,3,0, NaN
ClusterID:664,29,248,0, NaN
ClusterID:665,14,32,0, NaN
ClusterID:666,2,1,0, NaN
ClusterID:667,8,7,0, NaN
ClusterID:668,2,1,0, NaN
ClusterID:669,4,3,0, NaN
ClusterID:670,4,3,0, NaN
ClusterID:671,5,4,1, ['AR']
ClusterID:672,14,42,0, NaN
ClusterID:673,2,1,0, NaN
ClusterID:674,11,23,0, NaN
ClusterID:675,3,2,0, NaN
ClusterID:676,3,2,1, ['CFHR2']
ClusterID:677,10,30,1, ['SENP1']
ClusterID:678,1,0,0, NaN
ClusterID:679,5,4,0, NaN
ClusterID:680,2,1,0, NaN
ClusterID:681,3,2,0, NaN
ClusterID:682,3,2,0, NaN
ClusterID:683,5,4,1, ['VNN1']
ClusterID:684,7,7,1, ['GBA3']
ClusterID:685,3,2,0, NaN
ClusterID:686,2,1,0, NaN
ClusterID:687,13,37,0, NaN
ClusterID:688,14,21,0, NaN
ClusterID:689,11,11,0, NaN
ClusterID:690,2,1,0, NaN
ClusterID:691,3,2,0, NaN
ClusterID:692,2,1,0, NaN
ClusterID:693,3,2,0, NaN
ClusterID:694,7,6,0, NaN
ClusterID:695,3,2,0, NaN
ClusterID:696,2,1,0, NaN
ClusterID:697,2,1,0, NaN
ClusterID:698,20,52,0, NaN
ClusterID:699,65,413,14," ['LONP2', 'HMGCS2', 'EXD2', 'ACAA2', 'SCP2', 'GNPAT', 'ACADL', 'HAO1', 'SLC27A2', 'SEC14L2', 'FKTN', 'HAO2', 'PHYH', 'PIPOX']"
ClusterID:700,6,5,0, NaN
ClusterID:701,10,22,0, NaN
ClusterID:702,2,1,1, ['CTNNB1']
ClusterID:703,23,126,2," ['GGA3', 'SORT1']"
ClusterID:704,5,6,0, NaN
ClusterID:705,2,1,0, NaN
ClusterID:706,3,2,0, NaN
ClusterID:707,3,2,0, NaN
ClusterID:708,50,231,2," ['SAMM50', 'PRG4']"
ClusterID:709,2,1,0, NaN
ClusterID:710,17,26,2," ['ZG16', 'MANBAL']"
ClusterID:711,23,64,0, NaN
ClusterID:712,16,21,0, NaN
ClusterID:713,11,17,0, NaN
ClusterID:714,2,1,0, NaN
ClusterID:715,4,3,1, ['KMO']
ClusterID:716,3,2,0, NaN
ClusterID:717,11,22,1, ['ABHD2']
ClusterID:718,26,66,2," ['ZNF610', 'CDC37L1']"
ClusterID:719,2,1,0, NaN
ClusterID:720,6,7,0, NaN
ClusterID:721,6,8,1, ['PRUNE1']
ClusterID:722,4,3,0, NaN
ClusterID:723,20,20,0, NaN
ClusterID:724,4,3,0, NaN
ClusterID:725,6,5,0, NaN
ClusterID:726,2,1,0, NaN
ClusterID:727,2,1,0, NaN
ClusterID:728,1,0,0, NaN
ClusterID:729,29,103,0, NaN
ClusterID:730,9,9,0, NaN
ClusterID:731,4,4,0, NaN
ClusterID:732,2,1,0, NaN
ClusterID:733,3,2,0, NaN
ClusterID:734,5,4,0, NaN
ClusterID:735,21,42,1, ['GYS2']
ClusterID:736,8,7,1, ['SRD5A1']
ClusterID:737,4,3,1, ['BCHE']
ClusterID:738,5,4,0, NaN
ClusterID:739,4,3,0, NaN
ClusterID:740,4,3,0, NaN
ClusterID:741,2,1,0, NaN
ClusterID:742,3,2,0, NaN
ClusterID:743,32,32,0, NaN
ClusterID:744,4,4,0, NaN
ClusterID:745,4,3,0, NaN
ClusterID:746,2,1,0, NaN
ClusterID:747,2,1,0, NaN
ClusterID:748,20,32,1, ['PRPF38A']
ClusterID:749,31,70,2," ['GGPS1', 'TTC39C']"
ClusterID:750,7,7,2," ['MGLL', 'ACMSD']"
ClusterID:751,7,6,2," ['TIGD2', 'SMYD4']"
ClusterID:752,2,1,0, NaN
ClusterID:753,5,4,0, NaN
ClusterID:754,3,2,0, NaN
ClusterID:755,1,0,0, NaN
ClusterID:756,6,5,0, NaN
ClusterID:757,3,2,0, NaN
ClusterID:758,3,2,0, NaN
ClusterID:759,8,7,1, ['ATXN7L3B']
ClusterID:760,22,22,1, ['ZNF322']
ClusterID:761,3,2,0, NaN
